student_id,course_id,grade,semester
1,8,4.0,7
1,9,4.0,3
1,3,4.0,6
1,37,2.1522667192554366,1
2,19,4.0,8
2,42,4.0,2
2,48,4.0,2
2,34,4.0,3
3,39,3.761638314237047,4
3,33,3.3808352588228,3
3,4,3.1852687310027545,8
3,19,3.4339282928645476,7
4,35,4.0,3
4,11,4.0,6
4,4,2.1228607686166203,5
4,43,4.0,1
5,29,1.369558132941442,6
5,3,4.0,1
5,24,4.0,8
5,26,4.0,8
6,45,4.0,8
6,14,4.0,6
6,41,4.0,2
6,47,2.817992186865048,6
6,19,4.0,6
6,38,4.0,6
7,17,4.0,6
7,1,4.0,4
7,32,3.0920385192541167,4
7,24,4.0,2
7,31,1.3225610219173696,4
7,25,4.0,7
8,44,4.0,7
8,22,4.0,3
8,31,0.806139590742009,6
8,42,4.0,8
8,39,4.0,5
8,3,4.0,8
9,19,4.0,6
9,8,4.0,7
9,17,4.0,7
9,42,4.0,6
9,7,2.6295292886522152,6
10,22,4.0,3
10,2,4.0,1
10,6,4.0,5
10,31,2.5554575399014308,6
10,3,4.0,2
11,45,4.0,6
11,10,2.626218651850781,2
11,42,4.0,5
11,6,4.0,4
11,39,4.0,7
12,38,4.0,8
12,32,3.034902549348572,2
12,6,4.0,6
12,20,4.0,1
13,29,1.7843175152783073,7
13,22,4.0,5
13,41,4.0,8
13,37,3.6735621462814434,6
13,9,4.0,4
13,14,4.0,5
14,22,4.0,2
14,19,4.0,2
14,5,4.0,5
14,17,4.0,2
14,10,3.038793400630064,3
14,38,4.0,7
15,27,4.0,5
15,43,4.0,1
15,7,2.59255335741179,6
15,30,4.0,4
15,12,4.0,1
15,15,3.4832644233095427,2
16,49,4.0,4
16,39,4.0,8
16,36,4.0,2
16,20,4.0,1
16,25,4.0,6
17,4,3.58492712326061,2
17,25,4.0,4
17,33,4.0,6
17,22,4.0,3
18,14,4.0,6
18,16,4.0,3
18,23,4.0,3
18,28,4.0,5
18,24,4.0,8
19,20,4.0,8
19,49,4.0,4
19,50,4.0,7
19,2,4.0,1
19,23,4.0,3
19,35,4.0,4
20,24,4.0,6
20,31,1.86427236040999,6
20,25,4.0,3
20,18,4.0,7
20,37,2.5601677005879155,4
20,26,4.0,6
21,31,2.554712986580543,5
21,23,4.0,8
21,18,3.401243887588701,1
21,35,4.0,8
21,3,4.0,6
21,41,4.0,6
22,16,4.0,7
22,41,4.0,5
22,34,4.0,5
22,6,4.0,4
22,7,4.0,6
23,22,4.0,1
23,5,4.0,6
23,9,4.0,1
23,50,4.0,7
23,37,3.6763897010994624,5
24,36,4.0,4
24,16,4.0,8
24,23,4.0,3
24,15,2.62789181821212,3
25,1,4.0,8
25,28,4.0,7
25,30,4.0,4
25,47,4.0,2
26,18,2.0073222936350645,1
26,26,4.0,6
26,8,3.6736754643527587,8
26,47,4.0,6
26,3,4.0,5
26,2,4.0,3
27,37,3.423899092763168,5
27,38,4.0,6
27,14,4.0,3
27,40,4.0,7
27,11,4.0,6
28,4,1.3740872887436126,7
28,16,4.0,2
28,2,4.0,3
28,20,4.0,2
28,9,4.0,1
28,32,2.2516736050703567,4
29,4,1.4090443293931358,8
29,32,0.787766157734669,6
29,34,4.0,8
29,19,3.121391247085242,1
29,46,4.0,8
30,33,4.0,3
30,28,4.0,5
30,20,4.0,7
30,24,4.0,4
30,21,4.0,3
31,9,4.0,7
31,25,4.0,8
31,48,4.0,3
31,37,4.0,4
31,26,4.0,8
31,33,4.0,8
32,32,1.505225696246961,4
32,21,2.1903440413843738,7
32,35,4.0,7
32,10,1.1507489095111691,7
32,11,3.2334688628364345,1
32,7,1.3493014074588787,1
33,24,2.471790917606783,7
33,49,2.2757116550559218,1
33,33,2.829485979340618,1
33,7,0.5688132619276917,6
33,8,1.8499505041587923,7
34,32,2.811166563424802,4
34,13,4.0,1
34,2,4.0,5
34,41,4.0,8
34,22,4.0,3
35,50,4.0,4
35,17,4.0,6
35,36,4.0,2
35,42,4.0,6
35,16,4.0,3
36,15,2.6517507602745614,1
36,2,4.0,8
36,48,4.0,3
36,1,4.0,1
36,38,4.0,1
36,28,4.0,3
37,33,4.0,5
37,19,3.5471253448527467,1
37,18,3.8347231444600864,6
37,8,4.0,3
38,38,4.0,2
38,21,4.0,7
38,20,4.0,5
38,45,4.0,3
38,28,4.0,7
38,27,4.0,2
39,5,4.0,2
39,23,4.0,6
39,29,3.413633611861874,5
39,24,4.0,7
39,12,4.0,8
39,19,4.0,1
40,10,2.357234715960459,6
40,32,1.9890742723509192,4
40,38,4.0,4
40,13,4.0,4
40,18,2.7314472009654667,1
41,31,2.11241757236921,8
41,40,4.0,1
41,8,4.0,4
41,48,4.0,8
41,32,3.3071047195597547,3
42,29,3.973047314400011,4
42,43,3.1820040684700777,7
42,5,4.0,4
42,27,4.0,8
43,31,2.7482323370043695,1
43,50,4.0,8
43,32,2.2101284676916175,7
43,3,4.0,5
43,42,4.0,5
44,16,4.0,8
44,47,4.0,8
44,49,3.128593379154256,7
44,46,4.0,4
45,44,4.0,7
45,4,1.6855983604067137,5
45,35,4.0,2
45,23,4.0,1
46,37,2.4394057812700787,4
46,36,4.0,2
46,14,4.0,6
46,22,4.0,3
46,32,3.1621106345146996,7
46,48,4.0,5
47,13,4.0,2
47,41,4.0,2
47,36,4.0,3
47,1,4.0,7
47,27,4.0,3
47,50,4.0,8
48,28,4.0,1
48,23,4.0,5
48,45,4.0,6
48,9,4.0,3
48,22,4.0,1
49,39,4.0,3
49,17,4.0,2
49,44,4.0,2
49,36,4.0,4
50,36,4.0,1
50,4,2.1340126250398863,1
50,11,4.0,1
50,3,4.0,2
51,35,4.0,4
51,33,3.940869622837478,4
51,17,4.0,1
51,3,4.0,4
51,41,4.0,6
52,20,4.0,5
52,29,3.4330464723618928,5
52,36,4.0,6
52,32,3.4842014568177584,3
52,3,4.0,5
53,2,4.0,3
53,31,1.4808678879757955,7
53,44,3.654051246992603,2
53,5,4.0,4
54,22,4.0,4
54,33,4.0,8
54,21,4.0,4
54,37,2.3390941866303687,6
54,17,4.0,3
55,50,4.0,7
55,19,2.854863267800548,4
55,29,2.9983258819364527,2
55,27,4.0,5
55,6,4.0,3
56,29,4.0,4
56,39,4.0,6
56,31,2.3275867071120304,5
56,10,2.1286233994065604,7
56,21,4.0,2
56,33,4.0,3
57,1,4.0,1
57,44,4.0,2
57,19,1.81541007496252,5
57,46,4.0,5
57,38,4.0,4
57,39,3.369742982694195,3
58,30,4.0,7
58,46,4.0,6
58,27,4.0,8
58,49,3.8630749277371637,3
58,7,2.785536567241843,5
59,20,4.0,7
59,47,4.0,2
59,49,4.0,6
59,16,4.0,3
60,21,4.0,5
60,27,4.0,3
60,44,4.0,3
60,46,4.0,3
61,38,4.0,5
61,5,4.0,8
61,44,4.0,1
61,46,4.0,1
61,43,4.0,4
62,5,4.0,6
62,18,3.8816753880474715,2
62,45,4.0,2
62,23,4.0,3
63,7,0.6343673184424561,5
63,14,4.0,7
63,37,3.8549069622965453,3
63,42,4.0,6
63,47,4.0,7
63,31,2.1162029278109498,6
64,22,4.0,3
64,2,4.0,6
64,31,1.227064976211239,2
64,40,4.0,8
64,32,3.5347244288485182,2
65,28,4.0,6
65,19,4.0,5
65,50,4.0,5
65,45,4.0,3
65,20,4.0,7
65,30,4.0,2
66,29,3.1333338571284597,3
66,8,4.0,6
66,27,4.0,1
66,43,3.1800479719051116,8
67,47,4.0,3
67,30,4.0,8
67,10,3.5201225683824418,6
67,2,4.0,1
68,48,4.0,1
68,44,4.0,4
68,33,4.0,3
68,41,4.0,2
68,50,4.0,3
68,31,2.8959035372165114,2
69,27,4.0,7
69,7,3.415168909728404,6
69,13,4.0,4
69,33,4.0,6
70,49,4.0,4
70,12,4.0,7
70,17,4.0,5
70,39,4.0,7
71,37,4.0,6
71,42,4.0,8
71,7,1.462319559748102,3
71,4,2.493964284104917,8
71,2,4.0,3
71,30,4.0,7
72,4,2.271638675686155,3
72,47,4.0,5
72,23,4.0,7
72,2,4.0,5
72,29,2.675285336944129,2
72,39,4.0,3
73,10,0.8643604155791502,3
73,27,4.0,3
73,49,4.0,6
73,41,4.0,8
73,3,4.0,7
73,26,4.0,8
74,19,4.0,3
74,31,2.139481545219143,1
74,24,4.0,8
74,21,4.0,3
74,29,3.145990560368133,1
74,45,4.0,7
75,40,4.0,2
75,13,4.0,6
75,39,4.0,7
75,9,4.0,8
75,22,4.0,6
75,31,1.6340472320213948,2
76,40,4.0,6
76,42,4.0,7
76,46,4.0,7
76,49,3.912460277249847,4
76,34,3.9181213754005606,4
77,26,4.0,7
77,4,1.3580198460873598,2
77,21,4.0,7
77,39,4.0,3
77,22,4.0,5
77,40,4.0,4
78,47,4.0,5
78,31,1.4840788620900272,1
78,15,4.0,2
78,12,4.0,3
78,22,4.0,2
79,49,4.0,1
79,45,4.0,7
79,14,4.0,5
79,25,4.0,2
79,19,4.0,4
79,11,4.0,1
80,7,3.138590456128155,1
80,32,3.0483360174077685,6
80,48,4.0,3
80,17,4.0,8
80,47,4.0,4
81,19,3.5549404512393847,4
81,24,4.0,5
81,16,4.0,3
81,7,2.193560397879283,1
81,43,4.0,1
82,43,4.0,7
82,10,3.4526259316065793,6
82,12,4.0,1
82,16,4.0,3
82,37,4.0,8
82,11,4.0,4
83,5,4.0,6
83,39,4.0,1
83,4,2.6381841507715453,5
83,48,4.0,2
83,30,4.0,7
84,43,3.2952393859844595,3
84,4,2.528739759408828,1
84,30,4.0,1
84,18,2.756750635476167,7
84,47,4.0,4
84,28,4.0,6
85,31,1.3113182721752517,3
85,26,4.0,7
85,37,2.6953400708217528,4
85,1,4.0,7
86,24,2.5185064853807377,3
86,13,1.8744715920582193,6
86,30,4.0,4
86,29,1.8882183553896328,6
86,39,3.226295063567527,3
87,18,4.0,5
87,22,4.0,6
87,15,4.0,1
87,7,2.622581328014061,8
87,47,4.0,8
87,48,4.0,8
88,43,4.0,3
88,35,4.0,6
88,40,4.0,6
88,19,3.8073546260398845,6
88,37,4.0,8
89,13,4.0,5
89,29,2.676535086851959,4
89,38,4.0,5
89,17,4.0,3
90,30,4.0,7
90,11,4.0,7
90,42,4.0,1
90,10,3.1087786054363233,6
90,1,4.0,3
91,45,4.0,3
91,29,3.7476693520868167,4
91,46,4.0,6
91,31,0.9265726880099516,8
92,16,4.0,3
92,3,4.0,4
92,50,4.0,3
92,30,4.0,3
92,27,4.0,5
92,49,3.980140535298332,5
93,20,4.0,8
93,5,4.0,6
93,30,4.0,2
93,12,4.0,2
94,9,4.0,6
94,34,4.0,8
94,22,4.0,5
94,5,4.0,5
95,30,4.0,4
95,11,4.0,7
95,2,4.0,3
95,6,4.0,8
95,42,4.0,3
95,21,3.8568287873747877,2
96,35,4.0,6
96,45,4.0,5
96,49,4.0,1
96,31,3.0928584114767497,3
96,21,4.0,8
97,33,4.0,7
97,24,4.0,5
97,45,4.0,6
97,41,4.0,7
97,14,4.0,7
98,3,4.0,2
98,16,4.0,2
98,9,4.0,8
98,10,2.5314667607863015,7
98,47,4.0,8
98,37,2.882245239770154,6
99,45,4.0,2
99,48,4.0,6
99,20,4.0,1
99,17,4.0,3
100,1,4.0,6
100,48,4.0,7
100,46,4.0,6
100,7,4.0,7
100,44,3.9470105695967863,1
101,41,4.0,5
101,4,2.720033682669925,2
101,25,4.0,5
101,48,4.0,8
101,9,4.0,7
101,5,4.0,6
102,49,4.0,6
102,18,2.4113376845487022,3
102,34,4.0,6
102,41,2.1744671280784615,6
102,28,4.0,2
102,17,2.915712670111652,1
103,46,4.0,5
103,14,4.0,1
103,11,4.0,2
103,39,4.0,1
103,23,4.0,1
104,8,4.0,2
104,11,4.0,7
104,32,3.8340192197172214,6
104,22,4.0,7
105,1,4.0,6
105,23,4.0,8
105,11,4.0,1
105,18,4.0,5
105,50,4.0,5
105,17,4.0,1
106,41,4.0,8
106,5,4.0,1
106,48,4.0,3
106,49,4.0,5
106,11,4.0,4
107,50,4.0,7
107,20,3.807745876566506,6
107,18,4.0,3
107,29,2.319359774840366,8
108,45,4.0,6
108,42,4.0,4
108,18,4.0,5
108,14,4.0,7
108,33,4.0,6
109,23,4.0,1
109,40,4.0,8
109,39,4.0,8
109,45,4.0,8
109,49,4.0,1
110,17,4.0,3
110,2,4.0,4
110,50,4.0,6
110,44,4.0,8
110,39,3.0225343637671553,2
110,45,4.0,6
111,7,2.1042389645410684,8
111,4,0.33962026971039316,3
111,33,2.885408884763393,3
111,14,4.0,7
111,32,1.686002471396793,8
112,47,4.0,4
112,38,4.0,1
112,14,4.0,4
112,10,2.25675893746122,5
112,25,4.0,6
113,46,4.0,6
113,45,4.0,8
113,27,4.0,3
113,39,4.0,4
113,22,4.0,7
114,23,4.0,6
114,3,4.0,4
114,9,4.0,7
114,5,4.0,1
115,2,4.0,4
115,46,4.0,1
115,30,4.0,7
115,44,4.0,1
115,14,4.0,6
115,41,4.0,7
116,20,4.0,5
116,37,3.875845466980853,6
116,49,4.0,2
116,34,4.0,8
116,24,4.0,6
116,36,4.0,5
117,33,4.0,3
117,34,4.0,6
117,44,4.0,5
117,42,4.0,5
117,30,4.0,8
117,43,4.0,6
118,6,4.0,8
118,1,4.0,2
118,29,4.0,6
118,9,4.0,5
118,46,4.0,5
118,11,4.0,4
119,37,4.0,6
119,28,4.0,6
119,32,3.876166597962945,1
119,45,4.0,8
119,38,4.0,7
120,13,4.0,8
120,5,4.0,4
120,39,4.0,8
120,33,4.0,5
120,38,4.0,1
121,3,4.0,1
121,8,4.0,6
121,41,4.0,6
121,44,4.0,6
121,4,1.9255942777865893,4
122,42,4.0,4
122,30,4.0,3
122,46,4.0,6
122,20,4.0,8
122,35,4.0,7
122,2,4.0,7
123,32,2.42117397949461,8
123,20,2.698662142983336,5
123,7,1.5091622941461997,6
123,5,4.0,4
123,40,4.0,4
123,22,4.0,5
124,36,4.0,5
124,19,2.512420762949522,7
124,41,4.0,5
124,42,4.0,8
124,31,1.8299157674180713,7
125,13,4.0,2
125,18,4.0,7
125,45,4.0,2
125,24,4.0,7
126,30,4.0,5
126,16,4.0,6
126,49,4.0,2
126,38,4.0,1
127,19,3.959219724581048,4
127,38,4.0,3
127,4,1.9897328876756697,6
127,9,4.0,7
127,10,2.2928707987041985,7
127,11,4.0,3
128,1,4.0,7
128,13,4.0,2
128,36,4.0,1
128,44,4.0,7
129,8,4.0,6
129,10,3.0352984005557926,7
129,30,4.0,2
129,46,4.0,4
130,1,4.0,5
130,35,4.0,3
130,30,4.0,7
130,33,3.8156120419979445,8
131,34,4.0,5
131,49,4.0,1
131,21,4.0,5
131,5,4.0,6
132,48,4.0,8
132,12,4.0,7
132,31,2.24224430100893,2
132,25,4.0,2
133,43,3.5828290079025233,5
133,45,4.0,5
133,1,4.0,2
133,31,2.2197577856551582,1
134,47,4.0,5
134,26,4.0,2
134,46,4.0,4
134,27,4.0,1
135,45,2.838797604358462,5
135,50,4.0,4
135,7,1.9509398352369245,5
135,39,2.595159733685519,7
136,46,4.0,3
136,44,4.0,4
136,12,4.0,2
136,48,4.0,4
136,26,4.0,1
136,16,4.0,1
137,5,4.0,2
137,9,4.0,8
137,41,4.0,1
137,19,4.0,8
137,4,1.6352131062181363,2
137,6,4.0,5
138,14,4.0,7
138,12,4.0,4
138,13,4.0,5
138,31,4.0,7
139,35,4.0,5
139,23,4.0,3
139,21,4.0,3
139,33,4.0,3
140,50,4.0,3
140,43,4.0,7
140,41,4.0,7
140,33,4.0,3
141,2,4.0,6
141,5,4.0,6
141,37,3.8182916402679,6
141,7,4.0,1
141,15,4.0,3
142,26,4.0,7
142,48,4.0,1
142,8,4.0,8
142,19,4.0,7
143,35,4.0,7
143,2,4.0,7
143,22,4.0,4
143,10,2.4432886890303895,7
143,27,4.0,6
144,21,3.384073162982206,6
144,17,4.0,2
144,7,1.9193376455219655,1
144,1,4.0,8
144,40,4.0,1
144,32,2.8106199797795446,2
145,17,4.0,4
145,23,4.0,8
145,7,0.6141095342492799,5
145,21,3.9751108001068776,7
145,49,4.0,1
146,32,2.9480205044269363,8
146,30,4.0,3
146,8,4.0,5
146,43,3.367728638583608,5
146,4,1.9798754789475044,4
147,2,4.0,5
147,22,4.0,3
147,38,4.0,1
147,3,4.0,6
148,12,4.0,3
148,22,4.0,5
148,19,3.4541122961463735,1
148,9,4.0,2
149,2,4.0,7
149,45,3.818554555217556,8
149,46,4.0,7
149,47,4.0,3
149,12,4.0,8
149,32,3.6581203893913155,8
150,2,4.0,4
150,41,4.0,7
150,36,4.0,5
150,16,4.0,4
150,21,4.0,4
151,25,4.0,3
151,21,4.0,4
151,49,3.427885802862257,5
151,5,4.0,4
151,47,4.0,7
151,45,4.0,1
152,19,4.0,1
152,27,4.0,3
152,32,4.0,2
152,26,4.0,7
152,24,3.378223730353422,2
152,48,4.0,5
153,46,4.0,3
153,48,4.0,2
153,31,1.708401271710278,4
153,24,4.0,2
153,6,4.0,5
153,26,4.0,8
154,37,2.66856913642531,8
154,20,4.0,7
154,36,4.0,5
154,45,4.0,6
154,19,4.0,7
155,1,3.7200936731209495,5
155,25,4.0,7
155,7,1.5641240441775017,5
155,46,4.0,1
156,4,1.7046420101346895,1
156,15,3.2460853125041824,1
156,42,4.0,4
156,19,4.0,8
157,6,4.0,6
157,10,0.8426172379083967,8
157,44,4.0,4
157,36,3.891530699245439,5
157,5,4.0,1
157,34,4.0,1
158,18,4.0,2
158,26,4.0,2
158,30,4.0,3
158,43,4.0,7
158,1,4.0,8
158,9,4.0,6
159,11,4.0,7
159,40,4.0,2
159,37,2.720996227925559,8
159,42,4.0,2
159,50,4.0,4
159,27,4.0,8
160,11,4.0,2
160,12,4.0,3
160,48,4.0,8
160,33,3.469178063945931,7
161,3,4.0,1
161,32,3.3076477412339216,5
161,30,4.0,3
161,19,3.9180515586546463,1
162,42,4.0,1
162,3,4.0,3
162,33,2.3625185622479554,1
162,7,2.2004687188393754,6
162,22,4.0,8
163,29,3.2008014942761305,3
163,22,4.0,1
163,5,4.0,8
163,15,3.7796827594210702,5
164,37,2.166575185492205,6
164,44,4.0,1
164,18,4.0,4
164,10,2.188273435824186,4
164,15,4.0,1
164,39,4.0,6
165,5,4.0,3
165,38,4.0,6
165,49,4.0,5
165,9,4.0,3
165,4,1.1796303916249768,7
166,23,4.0,7
166,19,4.0,4
166,33,4.0,1
166,3,4.0,1
166,42,4.0,4
167,19,3.616781196551786,4
167,16,4.0,6
167,1,4.0,6
167,13,4.0,4
167,18,4.0,4
167,7,2.5832557544441994,8
168,48,4.0,2
168,42,4.0,7
168,36,4.0,2
168,27,4.0,1
168,38,4.0,4
169,43,4.0,3
169,8,3.3986924832321903,2
169,28,4.0,2
169,23,4.0,4
169,41,4.0,6
170,35,4.0,7
170,19,3.096204235796488,4
170,26,4.0,6
170,1,4.0,2
171,9,4.0,2
171,42,4.0,8
171,28,4.0,3
171,11,4.0,8
171,13,1.8808279021414194,5
172,42,4.0,5
172,3,4.0,8
172,6,4.0,4
172,19,4.0,2
172,28,4.0,2
172,33,4.0,8
173,18,4.0,6
173,47,4.0,8
173,2,4.0,5
173,35,4.0,5
174,1,4.0,2
174,6,4.0,2
174,42,4.0,6
174,48,4.0,1
174,30,4.0,7
174,39,4.0,2
175,39,4.0,5
175,44,4.0,6
175,32,1.187373105251075,1
175,49,4.0,8
175,28,4.0,1
175,40,4.0,7
176,2,4.0,1
176,24,4.0,5
176,38,4.0,8
176,19,4.0,7
176,49,4.0,4
177,34,4.0,6
177,23,4.0,4
177,28,4.0,5
177,35,4.0,1
178,15,3.671906025655343,2
178,23,4.0,4
178,11,4.0,4
178,12,4.0,6
178,35,4.0,8
179,48,4.0,2
179,7,2.6283221822439864,3
179,11,4.0,2
179,25,4.0,8
179,50,4.0,5
180,25,4.0,5
180,48,4.0,2
180,14,4.0,2
180,44,4.0,8
180,41,4.0,7
180,24,4.0,4
181,10,1.7566464340195496,5
181,50,4.0,7
181,48,4.0,8
181,14,4.0,5
181,39,4.0,8
182,18,3.3384629541627353,2
182,30,4.0,4
182,49,2.463124296931884,8
182,41,4.0,8
182,8,3.228176176366387,7
182,44,3.187539227225268,2
183,42,4.0,5
183,37,2.8854025377326087,4
183,40,3.406215380253786,3
183,1,4.0,6
183,23,3.579785458375873,1
184,43,2.8312863559688384,2
184,44,4.0,5
184,36,3.9679058138229157,7
184,42,4.0,7
184,49,4.0,8
185,8,3.7086389619356255,7
185,16,4.0,7
185,19,2.480948817720173,4
185,48,4.0,4
186,42,4.0,7
186,21,4.0,5
186,18,4.0,7
186,22,4.0,8
187,14,4.0,2
187,48,4.0,7
187,13,4.0,4
187,17,4.0,5
188,16,4.0,6
188,31,3.2708728750279166,1
188,38,4.0,1
188,23,4.0,3
189,41,4.0,7
189,7,2.7485185048735956,1
189,32,3.215059652978583,4
189,22,4.0,1
189,25,4.0,4
190,12,4.0,7
190,18,3.908494532412338,7
190,32,0.3524993379956456,1
190,30,4.0,6
191,5,3.1143334416995474,6
191,29,2.2511653702526555,3
191,33,2.6280647831097697,8
191,39,3.39130301283028,2
191,42,4.0,6
192,39,4.0,5
192,11,4.0,5
192,36,4.0,6
192,2,4.0,8
192,7,4.0,8
193,20,4.0,6
193,19,4.0,7
193,17,4.0,8
193,21,4.0,1
194,18,4.0,2
194,47,4.0,8
194,5,4.0,6
194,22,4.0,3
194,50,4.0,5
194,9,4.0,3
195,21,3.356307883198654,1
195,31,3.4432132641180244,8
195,10,2.6676866235865755,6
195,41,4.0,7
195,42,4.0,8
196,44,3.400695391269693,8
196,4,1.9916291002190707,1
196,19,3.0795563999628057,5
196,45,4.0,4
196,38,4.0,3
197,27,4.0,6
197,30,4.0,1
197,43,2.182058615168467,5
197,41,4.0,1
198,37,3.4661572619847147,3
198,47,4.0,1
198,38,4.0,3
198,7,2.931316415365932,8
199,8,4.0,8
199,34,4.0,7
199,3,4.0,8
199,46,4.0,7
199,28,4.0,2
199,29,3.2140209539588294,3
200,2,4.0,7
200,12,3.5089803533367583,4
200,41,4.0,7
200,40,3.939016539763019,5
200,4,0.6994715425880577,1
200,43,1.7842057747125184,3
201,30,4.0,2
201,5,4.0,1
201,22,4.0,2
201,34,4.0,4
201,40,4.0,2
201,46,4.0,4
202,48,4.0,5
202,32,3.292321829819123,2
202,39,4.0,3
202,16,4.0,1
202,34,4.0,6
203,6,4.0,8
203,14,4.0,6
203,47,4.0,4
203,21,4.0,8
203,22,4.0,3
204,5,4.0,7
204,17,4.0,1
204,1,4.0,4
204,38,4.0,4
205,30,4.0,6
205,19,3.084370466384267,4
205,42,4.0,3
205,7,2.0159429266457,3
205,35,4.0,2
206,4,1.686070898318852,4
206,39,4.0,3
206,48,4.0,8
206,5,4.0,5
206,21,4.0,7
206,41,4.0,8
207,3,4.0,3
207,30,4.0,1
207,10,3.404341357605197,6
207,15,4.0,1
207,1,4.0,2
207,40,4.0,3
208,5,4.0,7
208,21,4.0,3
208,6,4.0,2
208,38,4.0,7
208,36,4.0,3
209,9,3.771057048839378,6
209,30,4.0,2
209,37,3.125053805961187,8
209,42,4.0,2
209,4,1.5059762600932571,2
209,14,4.0,2
210,3,4.0,6
210,37,4.0,5
210,13,4.0,8
210,4,2.1495843085780253,1
210,15,3.6160005568767595,2
211,43,4.0,5
211,35,4.0,8
211,23,4.0,7
211,3,4.0,2
212,22,4.0,5
212,18,4.0,3
212,48,4.0,5
212,41,4.0,6
212,23,4.0,1
212,8,4.0,2
213,37,4.0,4
213,25,4.0,1
213,47,4.0,3
213,18,3.223940865780846,7
213,40,4.0,1
213,7,1.620465346083951,5
214,43,3.7408131970406973,7
214,10,1.1598423382773504,7
214,3,4.0,6
214,2,4.0,7
215,42,4.0,5
215,1,4.0,3
215,5,4.0,1
215,25,4.0,6
215,43,4.0,5
215,11,4.0,2
216,16,4.0,7
216,45,4.0,3
216,32,2.219700860269786,4
216,2,4.0,4
216,30,4.0,1
216,17,4.0,1
217,28,4.0,8
217,14,4.0,3
217,41,4.0,7
217,37,4.0,5
218,40,4.0,3
218,35,4.0,7
218,43,3.262092972518122,7
218,17,4.0,8
218,3,4.0,7
219,33,4.0,4
219,13,4.0,8
219,21,4.0,4
219,7,1.5330852596928137,8
219,29,4.0,1
219,18,4.0,4
220,21,4.0,2
220,35,4.0,3
220,22,4.0,5
220,39,4.0,3
221,18,3.519816618140298,3
221,22,4.0,7
221,35,4.0,8
221,29,2.8793847406541353,7
221,7,1.757194392423579,4
222,15,4.0,1
222,34,4.0,3
222,42,4.0,6
222,49,4.0,8
222,38,4.0,5
222,41,4.0,2
223,48,4.0,8
223,11,4.0,5
223,15,4.0,4
223,30,4.0,5
223,12,4.0,7
223,33,4.0,3
224,19,4.0,2
224,11,4.0,7
224,16,4.0,5
224,49,4.0,1
224,29,4.0,6
225,13,4.0,2
225,3,4.0,2
225,12,4.0,1
225,23,4.0,8
226,3,4.0,7
226,13,4.0,7
226,48,4.0,2
226,42,4.0,6
227,1,4.0,7
227,30,4.0,1
227,16,4.0,8
227,22,4.0,2
227,15,4.0,6
227,32,3.157663680733532,1
228,27,4.0,7
228,44,4.0,2
228,43,2.5901899260276173,4
228,29,3.4746704509018516,7
229,5,4.0,4
229,49,4.0,5
229,42,4.0,8
229,16,4.0,5
229,38,4.0,5
229,25,4.0,2
230,35,4.0,5
230,49,3.667560084792111,3
230,11,3.9668942014486652,5
230,30,4.0,1
230,48,4.0,7
230,40,4.0,8
231,16,4.0,2
231,45,4.0,8
231,25,4.0,3
231,38,4.0,8
231,29,3.6916345700851685,6
232,23,4.0,7
232,47,4.0,4
232,11,4.0,5
232,24,4.0,1
232,27,4.0,7
232,20,4.0,7
233,20,4.0,3
233,23,4.0,4
233,11,4.0,3
233,15,4.0,5
233,43,3.9048293639181537,7
233,48,4.0,7
234,34,4.0,2
234,13,4.0,4
234,50,4.0,3
234,26,4.0,5
234,1,4.0,1
234,10,2.670958042701961,5
235,39,4.0,4
235,14,4.0,7
235,38,4.0,2
235,41,4.0,7
235,42,4.0,4
235,50,4.0,8
236,15,4.0,2
236,13,4.0,5
236,5,4.0,3
236,41,4.0,2
237,9,4.0,2
237,40,4.0,8
237,14,4.0,5
237,8,4.0,7
238,27,4.0,7
238,46,4.0,4
238,13,4.0,4
238,48,4.0,2
238,34,4.0,6
238,26,4.0,4
239,28,4.0,2
239,14,4.0,1
239,40,4.0,8
239,37,3.3057031858358115,4
240,25,4.0,2
240,8,3.633310763950356,8
240,23,3.7369409617275586,3
240,15,3.625149309482525,8
240,31,2.6411358412745427,6
241,47,4.0,3
241,29,4.0,1
241,15,4.0,4
241,42,4.0,3
241,17,4.0,1
242,10,2.4258752800159824,7
242,27,4.0,1
242,12,4.0,4
242,11,4.0,5
242,8,4.0,4
243,18,2.905004558398411,3
243,41,4.0,5
243,26,4.0,4
243,25,4.0,2
244,48,4.0,8
244,5,4.0,3
244,49,4.0,1
244,40,4.0,3
244,4,2.386529553001914,4
244,2,4.0,7
245,25,4.0,3
245,35,4.0,2
245,47,4.0,3
245,38,4.0,3
245,12,4.0,3
246,5,4.0,7
246,11,4.0,2
246,36,4.0,2
246,8,4.0,8
246,17,4.0,7
247,21,4.0,6
247,43,4.0,3
247,14,4.0,7
247,50,4.0,5
247,32,4.0,2
248,6,4.0,1
248,2,4.0,1
248,45,4.0,6
248,37,3.1758044491125155,7
248,50,4.0,7
249,10,2.0164457016226267,7
249,34,4.0,4
249,29,2.081192606554703,6
249,31,1.648221539630891,5
249,7,2.9743775368016254,1
249,13,4.0,8
250,18,4.0,5
250,35,4.0,4
250,17,4.0,4
250,20,4.0,2
250,30,4.0,8
251,5,4.0,6
251,37,4.0,2
251,42,4.0,6
251,45,3.3037591705105607,4
252,33,4.0,6
252,8,4.0,2
252,45,4.0,7
252,44,4.0,1
252,43,3.9696213443732837,7
253,26,4.0,1
253,49,4.0,8
253,1,4.0,3
253,13,4.0,3
254,22,4.0,3
254,30,4.0,6
254,7,2.483882589103918,2
254,44,4.0,4
255,40,4.0,3
255,39,4.0,5
255,34,4.0,7
255,50,4.0,4
255,26,4.0,5
255,23,4.0,5
256,46,4.0,8
256,36,4.0,4
256,13,4.0,3
256,20,3.631373639956775,7
256,26,3.374986106095073,7
257,29,4.0,4
257,6,4.0,8
257,9,4.0,7
257,43,3.195864568415164,8
257,35,4.0,5
258,32,3.3623029186148083,1
258,26,4.0,8
258,23,4.0,8
258,5,4.0,5
259,24,4.0,2
259,3,4.0,4
259,25,4.0,3
259,33,4.0,3
260,11,4.0,5
260,35,4.0,1
260,22,4.0,6
260,28,4.0,6
260,44,4.0,3
261,34,4.0,8
261,8,4.0,5
261,3,4.0,7
261,50,4.0,2
261,47,4.0,5
261,42,4.0,6
262,32,3.3213350685547205,3
262,21,4.0,8
262,7,2.653927398752756,2
262,28,4.0,4
263,7,2.343260523245848,1
263,37,2.54016282952383,6
263,38,4.0,5
263,41,4.0,2
263,50,4.0,8
263,4,1.666925343090723,4
264,37,2.3515585056877653,2
264,47,4.0,5
264,20,4.0,8
264,36,4.0,6
264,23,4.0,7
265,6,4.0,5
265,39,4.0,7
265,32,2.9837658607236937,2
265,23,4.0,5
266,26,4.0,6
266,38,4.0,2
266,24,4.0,6
266,12,4.0,1
266,36,2.9822018596758877,1
267,15,2.9583743790246912,7
267,33,3.8746382023739914,8
267,13,3.67995547547971,4
267,34,4.0,6
267,36,3.399259027639629,6
268,21,4.0,3
268,48,4.0,1
268,33,4.0,3
268,22,4.0,2
269,47,4.0,3
269,48,4.0,2
269,29,3.2076617686417612,6
269,36,4.0,5
270,15,4.0,2
270,50,4.0,1
270,37,2.640700368205674,2
270,5,4.0,4
271,22,4.0,1
271,45,4.0,6
271,15,4.0,4
271,32,3.309579955270683,1
272,33,4.0,4
272,14,4.0,7
272,24,4.0,5
272,48,4.0,6
272,11,4.0,6
272,8,4.0,8
273,47,3.6569630219659874,7
273,7,2.569388838876146,6
273,29,3.835389433260531,5
273,37,3.8332118449505868,1
273,9,4.0,4
274,24,4.0,6
274,21,4.0,7
274,15,4.0,8
274,8,4.0,7
274,9,4.0,8
274,14,4.0,2
275,47,4.0,7
275,2,3.2557562127175528,2
275,13,3.2408194163999466,5
275,20,3.610827151510834,6
275,23,4.0,5
276,19,2.8939129609929464,8
276,14,4.0,8
276,27,4.0,5
276,44,4.0,8
276,29,1.7661977663295743,7
276,24,4.0,3
277,22,4.0,4
277,11,4.0,1
277,4,2.8217790687711717,3
277,28,4.0,1
277,16,4.0,7
278,48,4.0,4
278,33,4.0,1
278,23,4.0,3
278,42,4.0,2
279,3,4.0,4
279,45,4.0,8
279,28,4.0,3
279,16,4.0,1
280,28,4.0,7
280,4,1.6866009470348482,8
280,15,4.0,3
280,16,4.0,4
280,40,4.0,4
280,47,4.0,8
281,13,3.315471405537593,8
281,42,4.0,1
281,25,4.0,5
281,50,4.0,6
281,1,4.0,6
281,21,2.7242851990718915,8
282,13,4.0,5
282,36,4.0,3
282,42,4.0,2
282,50,4.0,7
283,38,4.0,8
283,17,4.0,5
283,48,4.0,7
283,30,4.0,2
283,45,4.0,1
284,5,4.0,2
284,43,3.8976738429021376,5
284,44,4.0,3
284,1,4.0,8
284,36,4.0,5
285,44,3.579089191353737,3
285,37,2.0593045323275243,3
285,25,4.0,5
285,38,2.9069814974101256,7
285,19,2.193806392914668,3
285,16,4.0,2
286,27,4.0,5
286,29,3.1120860418796155,4
286,37,2.4469687860396627,8
286,18,3.6594863421510992,5
286,50,4.0,1
287,22,4.0,1
287,27,4.0,5
287,20,4.0,2
287,41,4.0,1
288,16,4.0,4
288,41,4.0,7
288,39,4.0,6
288,9,4.0,4
288,33,4.0,6
289,23,4.0,6
289,17,3.642954278122678,7
289,7,1.217248617348215,1
289,11,4.0,4
290,34,4.0,7
290,16,4.0,1
290,36,4.0,6
290,23,4.0,8
291,33,4.0,7
291,29,4.0,3
291,35,4.0,3
291,9,4.0,5
292,43,4.0,6
292,48,4.0,6
292,34,4.0,4
292,17,4.0,4
292,15,4.0,8
292,32,4.0,1
293,3,4.0,6
293,45,4.0,5
293,43,3.9738961823455115,7
293,24,4.0,7
294,45,4.0,6
294,40,4.0,3
294,11,4.0,7
294,38,4.0,4
294,12,4.0,8
294,21,4.0,7
295,28,4.0,2
295,40,4.0,8
295,19,3.9768385796130654,1
295,34,4.0,8
295,30,4.0,2
295,37,2.569023225450162,8
296,30,4.0,3
296,31,3.088260672436959,6
296,12,4.0,6
296,32,2.6355447258593996,8
297,13,4.0,8
297,4,2.940151926011197,5
297,18,3.7308500521561956,2
297,46,4.0,8
297,39,3.936914113296748,2
298,3,4.0,3
298,40,4.0,3
298,24,4.0,3
298,37,4.0,3
299,32,2.3176482002761216,8
299,50,4.0,3
299,20,4.0,6
299,2,4.0,1
299,11,3.7835670106125345,6
300,37,3.486715030848869,8
300,35,4.0,7
300,45,4.0,7
300,15,4.0,8
301,17,4.0,4
301,19,4.0,8
301,14,4.0,5
301,43,4.0,6
301,12,4.0,1
302,11,4.0,6
302,37,3.3619489937470375,2
302,49,4.0,7
302,30,4.0,7
302,46,4.0,2
303,20,4.0,1
303,48,4.0,8
303,17,4.0,6
303,34,4.0,4
304,31,3.019145797304841,8
304,13,4.0,3
304,21,3.9317438015821145,5
304,4,1.6080346851467304,5
305,12,4.0,8
305,30,4.0,2
305,47,4.0,5
305,38,4.0,3
305,8,3.92534922846556,2
305,26,4.0,3
306,42,4.0,1
306,25,4.0,5
306,47,4.0,5
306,9,4.0,2
306,45,4.0,2
306,5,4.0,1
307,47,4.0,5
307,6,4.0,5
307,25,4.0,6
307,21,3.898247873080851,1
308,10,2.935335274024821,7
308,23,4.0,4
308,40,3.945276594049498,2
308,13,4.0,3
308,48,4.0,8
309,6,4.0,5
309,27,2.562272583771336,1
309,24,3.8070337226999866,6
309,13,2.735789772496665,2
309,11,2.84638460551789,5
309,3,3.7485609503412642,6
310,32,2.378937297834572,4
310,17,4.0,1
310,26,4.0,8
310,9,4.0,5
310,31,2.7435113150775536,4
311,9,3.863259646714858,6
311,18,3.0994184852225413,7
311,15,3.1781667569311263,5
311,13,3.8236453873316023,1
311,41,4.0,2
312,42,3.978317854670186,8
312,19,3.3458921461132656,8
312,13,4.0,8
312,36,4.0,2
312,11,4.0,4
312,25,4.0,7
313,38,4.0,6
313,18,3.753620062714806,1
313,8,4.0,8
313,25,4.0,5
314,26,4.0,2
314,38,4.0,5
314,25,4.0,8
314,24,4.0,8
315,50,4.0,2
315,7,2.295756179133312,5
315,27,4.0,1
315,28,4.0,2
315,35,4.0,6
316,5,4.0,7
316,18,3.1017953445116575,1
316,48,4.0,6
316,30,4.0,4
316,50,4.0,2
317,40,4.0,6
317,35,4.0,2
317,47,4.0,1
317,50,4.0,4
317,43,4.0,2
318,36,4.0,6
318,26,4.0,2
318,7,1.8710253921179425,6
318,23,4.0,6
318,44,3.574726860256859,3
318,21,2.9461877342449703,1
319,49,3.490713639205864,8
319,14,4.0,8
319,35,4.0,7
319,37,3.840865443382034,1
319,10,4.0,8
319,36,4.0,8
320,24,3.8054749763375812,2
320,23,4.0,3
320,17,4.0,1
320,1,4.0,4
320,20,4.0,6
321,33,4.0,5
321,41,4.0,6
321,25,4.0,1
321,38,4.0,4
321,18,4.0,5
321,46,4.0,7
322,43,4.0,1
322,4,2.145476093122501,6
322,37,2.8950048996585904,3
322,29,2.7234908331932637,3
322,28,4.0,2
322,44,4.0,1
323,28,4.0,7
323,44,4.0,2
323,10,2.7576232419946223,7
323,9,4.0,7
323,46,4.0,2
323,8,4.0,7
324,27,3.8307144165707196,6
324,3,3.961383550890504,4
324,47,4.0,7
324,9,4.0,3
325,9,4.0,4
325,36,4.0,7
325,30,4.0,1
325,38,4.0,3
325,45,4.0,3
325,48,4.0,3
326,3,4.0,5
326,28,4.0,4
326,27,4.0,8
326,17,4.0,3
327,17,2.50514534419809,1
327,9,1.5593161213895748,1
327,38,3.8417745745067418,8
327,13,2.9796695463136427,7
327,39,3.2257408536293815,5
327,34,4.0,2
328,27,4.0,2
328,21,4.0,2
328,16,4.0,3
328,5,4.0,3
328,34,4.0,4
329,15,4.0,5
329,47,4.0,7
329,36,4.0,5
329,42,4.0,2
329,13,4.0,4
329,3,4.0,3
330,10,1.4504807205668584,3
330,20,4.0,3
330,36,4.0,6
330,18,3.2841820409977416,7
330,25,4.0,4
330,11,4.0,5
331,23,4.0,6
331,27,4.0,3
331,28,4.0,2
331,38,4.0,5
331,11,4.0,8
331,41,4.0,6
332,43,4.0,5
332,21,4.0,3
332,28,4.0,6
332,6,4.0,8
332,48,4.0,8
332,33,4.0,4
333,19,4.0,8
333,7,2.456604982452354,1
333,31,1.9008953030182894,3
333,5,4.0,1
333,13,4.0,3
333,17,4.0,5
334,30,4.0,1
334,12,4.0,1
334,41,4.0,3
334,48,4.0,5
334,26,4.0,3
335,39,4.0,8
335,11,4.0,7
335,25,4.0,3
335,21,3.9776383345170094,7
335,43,4.0,3
335,15,2.7210512245163536,7
336,21,4.0,4
336,41,4.0,1
336,2,4.0,7
336,18,2.6723650665575596,6
336,47,4.0,7
337,31,0.6336969104122332,3
337,29,2.295985479692906,2
337,3,4.0,2
337,50,4.0,5
338,45,4.0,5
338,17,4.0,8
338,31,4.0,1
338,1,4.0,7
339,49,2.622431611734158,1
339,4,0.26619759730854176,7
339,40,3.4229596668038944,2
339,18,3.119207377295014,6
339,29,2.2447489159047613,2
340,23,4.0,2
340,7,3.2212660562347497,7
340,18,4.0,1
340,35,4.0,2
340,48,4.0,2
340,24,4.0,8
341,7,3.206503842721907,5
341,32,3.991767693190082,7
341,26,4.0,3
341,22,4.0,2
342,47,4.0,3
342,42,4.0,7
342,41,4.0,2
342,22,4.0,7
343,22,4.0,5
343,21,4.0,7
343,4,0.3668466963821906,3
343,27,4.0,3
343,1,4.0,8
343,35,4.0,3
344,46,4.0,4
344,45,3.8734291046628675,4
344,40,4.0,5
344,12,4.0,7
344,43,2.3893791419189867,5
345,14,4.0,2
345,1,4.0,5
345,3,4.0,4
345,5,4.0,8
345,20,3.818370954272029,3
346,27,4.0,7
346,13,4.0,6
346,18,4.0,2
346,44,4.0,1
347,30,4.0,8
347,40,4.0,6
347,44,4.0,8
347,43,4.0,7
347,38,4.0,8
347,15,3.824472356261312,6
348,32,1.8814934796441216,3
348,27,4.0,8
348,18,4.0,1
348,17,4.0,8
349,13,3.5471716578159196,6
349,28,4.0,7
349,50,4.0,7
349,27,4.0,8
349,9,4.0,7
350,18,4.0,5
350,31,2.1134584516191586,6
350,6,4.0,5
350,2,4.0,2
350,16,4.0,7
350,39,4.0,1
351,32,1.6710226993896242,6
351,15,3.897752233413554,7
351,35,4.0,8
351,27,4.0,7
351,9,3.776146493867394,1
352,4,1.4664225935934485,4
352,23,4.0,8
352,32,2.469576142799407,8
352,25,4.0,8
352,1,4.0,5
352,42,4.0,7
353,2,4.0,6
353,5,4.0,5
353,1,4.0,2
353,19,3.529775201803342,1
353,38,4.0,7
354,33,4.0,5
354,28,4.0,4
354,32,1.971245318062302,2
354,31,3.6654915618876087,4
354,29,2.959372181767221,6
355,7,2.8170300190453803,7
355,19,3.5964115570904394,6
355,17,4.0,3
355,18,4.0,3
355,25,4.0,2
356,27,4.0,7
356,35,4.0,1
356,42,4.0,6
356,7,2.7483107134939,7
357,31,1.8614691232444192,3
357,12,4.0,2
357,10,2.9144477884113735,2
357,33,4.0,8
357,45,4.0,1
357,23,4.0,8
358,36,4.0,4
358,15,4.0,1
358,18,4.0,4
358,39,4.0,3
359,50,4.0,1
359,40,4.0,3
359,10,2.135102030744177,7
359,48,4.0,5
359,7,2.9664042554550973,2
360,13,3.6018403244743777,4
360,42,4.0,1
360,32,4.0,2
360,16,4.0,4
360,37,3.2366461619867586,1
360,28,4.0,2
361,17,4.0,8
361,2,4.0,5
361,19,4.0,2
361,40,4.0,1
361,39,4.0,6
362,47,4.0,4
362,10,1.1119212255134054,4
362,14,4.0,1
362,3,4.0,4
362,7,2.4572895975707953,7
363,6,4.0,8
363,1,4.0,1
363,49,4.0,8
363,33,4.0,6
364,36,4.0,8
364,42,4.0,2
364,49,4.0,7
364,46,4.0,5
364,40,4.0,7
365,45,4.0,3
365,27,4.0,2
365,38,4.0,7
365,17,4.0,6
366,32,4.0,1
366,10,1.9615383493963676,6
366,34,4.0,7
366,13,4.0,3
367,17,4.0,4
367,38,4.0,7
367,24,4.0,8
367,22,4.0,5
367,45,4.0,2
368,38,4.0,7
368,31,2.6445400669715835,1
368,14,4.0,4
368,25,4.0,4
368,39,4.0,1
368,13,4.0,4
369,21,4.0,8
369,23,4.0,2
369,2,4.0,4
369,25,4.0,5
369,32,1.8977240329707423,5
370,48,4.0,6
370,31,3.248667674534309,3
370,7,4.0,8
370,24,4.0,7
370,15,4.0,1
370,46,4.0,6
371,43,4.0,5
371,28,4.0,8
371,21,3.8664651361680207,8
371,9,4.0,4
371,17,4.0,7
371,32,2.9737214464918984,2
372,4,0.9798219244569649,7
372,27,4.0,6
372,45,4.0,6
372,7,2.19813013042195,5
372,38,4.0,2
373,26,4.0,4
373,28,4.0,1
373,37,4.0,6
373,49,3.369464536325328,3
373,21,4.0,1
373,44,4.0,4
374,10,1.1780081197742842,3
374,1,4.0,1
374,4,2.9928274874499508,6
374,6,4.0,7
374,43,4.0,4
375,2,4.0,6
375,44,4.0,8
375,8,4.0,2
375,39,4.0,1
375,15,4.0,4
376,26,4.0,1
376,37,3.2086278155119845,3
376,45,4.0,4
376,43,4.0,5
377,38,4.0,3
377,11,4.0,4
377,8,4.0,3
377,16,4.0,3
377,24,4.0,5
377,32,1.4209067294796711,3
378,14,4.0,5
378,6,4.0,5
378,1,4.0,6
378,18,3.9553183557284566,3
378,27,4.0,7
379,44,4.0,8
379,3,4.0,1
379,26,4.0,4
379,7,3.809323672921115,8
379,46,4.0,2
380,6,4.0,5
380,3,4.0,4
380,35,4.0,4
380,32,1.1846870971907515,7
380,30,4.0,7
380,50,4.0,3
381,30,4.0,1
381,32,3.73890835937876,6
381,31,3.6851626411166434,5
381,50,4.0,6
381,40,4.0,4
381,12,4.0,7
382,47,4.0,8
382,31,2.939774468667707,7
382,20,4.0,4
382,23,4.0,3
382,18,4.0,1
382,38,4.0,2
383,43,4.0,6
383,1,4.0,7
383,34,4.0,8
383,6,4.0,3
383,20,4.0,4
383,4,0.5571686576559265,2
384,32,3.0990199630141047,7
384,15,4.0,6
384,33,4.0,3
384,27,4.0,6
384,46,4.0,8
384,21,4.0,7
385,25,4.0,5
385,45,4.0,1
385,44,4.0,6
385,40,3.826744196583209,3
386,24,4.0,4
386,1,4.0,5
386,14,4.0,3
386,19,4.0,5
386,26,4.0,3
387,13,4.0,3
387,29,2.853295549943969,5
387,45,4.0,2
387,35,4.0,3
387,3,4.0,2
388,38,4.0,7
388,46,4.0,3
388,45,4.0,2
388,3,3.8179229040376192,6
388,9,4.0,3
389,27,4.0,5
389,22,4.0,7
389,50,4.0,5
389,23,4.0,7
390,6,4.0,3
390,12,4.0,1
390,24,4.0,4
390,46,4.0,6
390,19,4.0,5
390,10,1.8761108056600562,4
391,18,4.0,6
391,27,4.0,8
391,48,4.0,7
391,31,2.777954721129791,7
392,21,4.0,1
392,48,4.0,7
392,47,4.0,2
392,10,2.284817921279677,8
393,35,4.0,2
393,29,3.0810881731329447,4
393,14,4.0,6
393,44,4.0,2
393,38,4.0,2
394,4,1.4065178573841781,7
394,36,4.0,8
394,5,4.0,7
394,21,4.0,6
394,26,4.0,1
395,25,4.0,7
395,22,4.0,6
395,41,4.0,8
395,48,4.0,6
396,39,4.0,7
396,31,2.4436857305307687,1
396,19,4.0,8
396,47,4.0,2
396,8,4.0,6
396,43,4.0,7
397,17,4.0,4
397,45,4.0,8
397,6,4.0,1
397,14,4.0,8
397,11,4.0,2
398,28,4.0,2
398,27,4.0,6
398,21,2.6740530890523946,2
398,2,4.0,4
398,34,4.0,7
399,47,4.0,5
399,17,4.0,6
399,13,4.0,2
399,28,4.0,2
399,32,2.6088434547699872,1
399,49,3.564812515397007,2
400,50,4.0,8
400,47,4.0,8
400,42,4.0,1
400,44,4.0,7
400,20,4.0,2
401,18,2.895965150609469,6
401,20,2.102983878204629,5
401,45,3.467500242138011,7
401,3,3.632847752223806,7
401,28,4.0,1
401,23,4.0,2
402,25,4.0,3
402,10,2.300968478601661,8
402,38,4.0,5
402,19,4.0,4
402,6,4.0,6
403,47,4.0,1
403,27,4.0,3
403,34,4.0,3
403,21,4.0,8
403,25,4.0,6
403,4,2.7496738039355297,7
404,24,4.0,8
404,13,3.584634709467979,7
404,11,4.0,7
404,34,4.0,2
404,17,4.0,3
404,7,0.6115118695791031,3
405,13,4.0,4
405,28,4.0,4
405,50,4.0,3
405,41,4.0,7
405,29,3.911344574643238,2
406,48,4.0,3
406,34,4.0,7
406,12,4.0,8
406,16,4.0,6
406,31,1.362195872589866,3
407,24,4.0,4
407,34,4.0,8
407,45,4.0,2
407,5,4.0,1
407,3,4.0,8
407,40,4.0,3
408,23,4.0,3
408,42,4.0,4
408,5,4.0,3
408,26,4.0,7
409,14,4.0,3
409,40,4.0,4
409,42,4.0,4
409,45,4.0,8
410,43,2.3610916552896954,4
410,11,4.0,3
410,38,4.0,6
410,49,1.8658694515477154,3
411,42,4.0,2
411,25,4.0,1
411,6,4.0,8
411,28,4.0,6
411,18,3.149190488714653,4
412,13,3.299441565177093,8
412,50,4.0,4
412,45,4.0,8
412,6,4.0,4
412,4,2.3067681536764737,8
412,38,4.0,8
413,25,4.0,8
413,19,4.0,7
413,49,4.0,7
413,41,4.0,7
413,50,4.0,8
414,30,4.0,7
414,10,2.4606614700999594,3
414,43,4.0,8
414,49,4.0,5
414,41,4.0,8
415,12,4.0,3
415,18,4.0,7
415,26,4.0,3
415,45,4.0,4
416,7,2.0116837154872393,8
416,22,4.0,5
416,34,4.0,2
416,15,2.2814634002347196,3
416,31,1.866477090628983,4
416,40,3.8010864379961182,6
417,16,4.0,1
417,9,4.0,1
417,50,4.0,6
417,7,3.1872972034047926,8
418,40,4.0,1
418,44,4.0,2
418,20,4.0,5
418,28,4.0,1
418,32,3.869907276498979,8
419,35,4.0,7
419,37,3.0320422931872906,1
419,4,2.6540307072472684,6
419,48,4.0,3
420,37,4.0,2
420,48,4.0,1
420,1,4.0,1
420,8,4.0,5
420,46,4.0,8
420,32,2.514274024653328,8
421,9,4.0,6
421,37,2.2028303916534417,2
421,15,4.0,2
421,43,3.5705723888880017,7
422,12,4.0,8
422,48,4.0,7
422,42,4.0,6
422,8,4.0,7
422,28,4.0,7
422,22,4.0,4
423,26,4.0,4
423,17,4.0,5
423,9,4.0,5
423,6,4.0,2
423,1,4.0,8
423,37,3.8878569631014988,2
424,40,4.0,4
424,21,3.0008449913423094,2
424,7,1.7988547072971146,5
424,44,1.7514006132129727,2
424,38,4.0,7
425,31,1.8217151740448,6
425,47,4.0,4
425,38,4.0,2
425,49,4.0,1
425,50,4.0,8
425,26,4.0,1
426,2,4.0,2
426,23,3.522389700951116,4
426,42,4.0,8
426,44,2.719201153321907,7
427,38,4.0,2
427,48,4.0,5
427,40,4.0,8
427,16,4.0,6
427,31,1.8357285394328282,8
427,43,3.7298371729780873,5
428,5,4.0,8
428,23,4.0,6
428,48,4.0,4
428,38,4.0,8
429,24,4.0,4
429,29,2.9528269794838926,3
429,48,4.0,7
429,5,4.0,7
429,22,4.0,8
430,24,4.0,1
430,50,4.0,7
430,10,3.266515360294904,1
430,18,4.0,1
431,19,3.939536087300793,5
431,6,4.0,6
431,15,4.0,7
431,14,4.0,3
431,26,4.0,4
431,28,4.0,8
432,11,4.0,7
432,14,4.0,3
432,10,4.0,1
432,1,4.0,1
432,31,4.0,4
432,39,4.0,2
433,16,4.0,7
433,37,3.220118055025625,5
433,32,3.0709861334543715,7
433,13,4.0,2
433,49,4.0,2
434,25,4.0,4
434,50,4.0,8
434,7,1.6358178092230706,5
434,1,4.0,1
434,37,1.875093719861579,7
435,33,3.40953437136549,5
435,26,4.0,1
435,30,4.0,1
435,35,4.0,1
436,35,4.0,8
436,15,4.0,8
436,17,4.0,3
436,2,4.0,1
437,19,3.980382338346952,4
437,11,4.0,7
437,44,4.0,3
437,13,4.0,5
437,32,3.3490494915109084,8
438,8,4.0,2
438,49,4.0,2
438,36,4.0,6
438,37,3.665543348875403,8
439,4,2.728336504161092,3
439,42,4.0,7
439,38,4.0,8
439,14,4.0,7
439,31,1.73473900334137,4
439,9,4.0,6
440,37,2.5939761552535976,1
440,14,4.0,7
440,5,4.0,5
440,32,3.2056365413924914,3
441,34,4.0,8
441,8,4.0,2
441,31,2.744891706036567,3
441,11,4.0,1
442,40,4.0,5
442,10,1.724144192743231,5
442,29,1.834693641659835,5
442,6,4.0,5
443,41,4.0,3
443,7,3.074225708225773,1
443,4,2.4287190125079707,3
443,18,4.0,7
444,22,4.0,6
444,26,4.0,1
444,10,2.3754186272540667,1
444,45,4.0,2
444,18,3.142095026833145,5
445,14,4.0,1
445,19,3.847710631751224,4
445,3,4.0,2
445,24,3.6831253806129625,1
445,6,3.97958862212528,8
446,12,4.0,7
446,9,4.0,7
446,25,4.0,3
446,11,4.0,7
446,35,4.0,1
447,25,4.0,8
447,9,4.0,4
447,38,4.0,1
447,11,4.0,7
448,13,4.0,5
448,45,4.0,3
448,42,4.0,2
448,8,3.1417029724486776,6
448,1,4.0,5
448,46,4.0,8
449,7,2.4264111966924387,2
449,17,4.0,2
449,18,4.0,8
449,21,4.0,8
449,31,2.323507594321436,2
449,27,4.0,1
450,11,4.0,7
450,42,4.0,1
450,19,3.303483437305343,4
450,34,4.0,7
451,24,4.0,5
451,37,2.440123138019345,6
451,2,4.0,4
451,12,4.0,7
451,19,3.0165323916843927,7
452,36,4.0,8
452,27,4.0,3
452,10,3.095501022339701,7
452,28,4.0,1
452,30,4.0,8
453,26,4.0,5
453,41,4.0,5
453,4,1.0938340651742475,5
453,27,4.0,2
454,46,4.0,4
454,22,4.0,6
454,10,1.5533124710932924,6
454,7,2.457802974113638,7
455,11,4.0,8
455,40,4.0,2
455,46,4.0,7
455,35,4.0,6
455,7,2.924324492948542,1
455,25,4.0,2
456,23,4.0,7
456,16,4.0,4
456,12,4.0,1
456,1,4.0,5
456,13,4.0,5
457,28,4.0,1
457,19,2.0451961573481414,1
457,36,4.0,8
457,16,4.0,3
457,38,4.0,7
458,39,3.7540661225481946,7
458,35,4.0,8
458,48,4.0,2
458,45,4.0,4
458,38,4.0,8
458,8,2.920379623019473,1
459,8,4.0,6
459,45,4.0,7
459,14,4.0,3
459,26,4.0,4
459,32,1.830644365245498,6
459,24,4.0,7
460,5,4.0,3
460,43,3.7234628050497474,3
460,34,4.0,7
460,41,4.0,7
460,6,4.0,8
461,1,4.0,8
461,4,1.6991692201520692,4
461,23,4.0,4
461,25,4.0,8
461,45,4.0,4
461,41,4.0,7
462,46,4.0,5
462,2,4.0,6
462,49,3.5798589945564028,6
462,9,4.0,4
462,14,4.0,4
462,25,4.0,7
463,32,2.738035344459494,1
463,6,4.0,5
463,42,4.0,1
463,9,4.0,7
464,34,4.0,3
464,38,4.0,6
464,43,4.0,7
464,44,4.0,2
464,11,4.0,8
464,29,3.6919145516309646,8
465,1,4.0,3
465,14,4.0,1
465,16,4.0,1
465,12,4.0,3
466,35,4.0,8
466,8,3.3909136065492533,4
466,2,4.0,7
466,28,4.0,5
466,10,0.7863733112971998,1
467,50,4.0,2
467,28,4.0,5
467,42,4.0,1
467,17,4.0,2
467,1,4.0,6
468,5,4.0,1
468,41,4.0,8
468,45,4.0,5
468,48,4.0,7
468,26,4.0,5
469,41,4.0,2
469,49,3.2915372519974815,3
469,27,4.0,4
469,16,4.0,8
469,25,4.0,6
469,17,4.0,2
470,7,2.881635943673178,2
470,35,4.0,8
470,21,4.0,8
470,27,4.0,3
470,36,4.0,3
470,28,4.0,5
471,38,4.0,4
471,29,3.172111938040901,7
471,34,4.0,4
471,5,4.0,3
471,2,4.0,6
471,30,4.0,6
472,18,4.0,1
472,34,4.0,2
472,23,4.0,1
472,39,4.0,5
472,41,4.0,5
472,21,4.0,7
473,47,3.9208592648023757,8
473,39,4.0,4
473,25,4.0,2
473,13,4.0,5
474,33,4.0,7
474,12,4.0,1
474,37,3.1595887230048123,6
474,17,4.0,1
475,42,4.0,1
475,5,4.0,6
475,2,4.0,4
475,14,4.0,4
475,31,0.8240122042028066,6
475,12,4.0,4
476,15,4.0,3
476,13,3.590913046651627,7
476,18,3.1472981532999666,5
476,6,4.0,8
476,42,4.0,3
477,11,4.0,5
477,5,4.0,6
477,6,4.0,6
477,12,4.0,8
478,12,4.0,3
478,33,4.0,2
478,49,4.0,8
478,34,4.0,5
479,27,4.0,6
479,10,2.116159555943522,4
479,40,4.0,1
479,46,4.0,2
479,6,4.0,8
480,19,3.4461462907931737,6
480,32,2.7016534721775263,6
480,8,3.63398034666946,1
480,33,4.0,2
480,45,4.0,8
481,23,4.0,1
481,17,4.0,8
481,24,4.0,4
481,35,4.0,1
482,8,4.0,5
482,36,4.0,8
482,18,4.0,5
482,50,4.0,4
483,40,4.0,3
483,35,4.0,6
483,9,4.0,2
483,1,4.0,3
483,25,4.0,8
484,24,4.0,1
484,28,4.0,8
484,6,4.0,8
484,5,4.0,5
484,50,4.0,3
485,23,4.0,3
485,25,4.0,4
485,21,4.0,4
485,45,4.0,1
486,48,4.0,2
486,25,4.0,1
486,33,4.0,3
486,16,4.0,8
487,24,4.0,6
487,43,3.291003668234297,7
487,36,4.0,4
487,26,4.0,2
488,17,4.0,5
488,8,4.0,1
488,6,4.0,4
488,9,4.0,1
489,38,4.0,4
489,41,4.0,6
489,4,1.1708025094568248,5
489,9,4.0,3
490,41,4.0,3
490,20,4.0,5
490,8,4.0,6
490,6,4.0,5
491,41,4.0,6
491,13,3.4774513938284914,5
491,34,3.9210174551912687,8
491,29,3.3975131498103464,8
491,47,4.0,8
492,38,4.0,4
492,49,4.0,8
492,50,4.0,4
492,29,3.7237151135546878,7
492,31,1.231765947682292,6
493,43,4.0,7
493,11,3.742739304551908,6
493,50,4.0,4
493,13,4.0,2
493,37,2.7570182523914064,5
494,1,4.0,7
494,15,3.9400710945762887,1
494,39,4.0,1
494,25,4.0,5
494,46,4.0,1
494,23,4.0,8
495,29,3.515780557480583,7
495,6,4.0,3
495,47,4.0,8
495,23,4.0,8
495,3,4.0,4
495,15,4.0,2
496,33,4.0,3
496,12,4.0,6
496,8,4.0,1
496,41,4.0,2
496,47,4.0,6
496,20,4.0,7
497,14,4.0,6
497,35,4.0,3
497,22,4.0,7
497,33,3.797048691630863,5
497,25,4.0,5
497,32,2.7897768846095556,4
498,22,4.0,5
498,48,4.0,7
498,49,3.9135365850718333,8
498,39,3.8104026549778496,1
498,26,4.0,2
499,25,4.0,7
499,38,4.0,1
499,40,4.0,3
499,19,4.0,1
499,35,4.0,2
499,37,4.0,4
500,48,4.0,8
500,9,4.0,1
500,16,4.0,5
500,44,3.9303655468623777,8
501,8,3.411410733354181,7
501,45,4.0,1
501,12,4.0,1
501,48,4.0,8
501,14,4.0,1
501,33,4.0,7
502,50,4.0,8
502,22,4.0,6
502,25,4.0,1
502,28,4.0,3
502,1,4.0,6
503,29,1.9020408405797853,1
503,35,4.0,4
503,36,3.209219615369445,4
503,22,4.0,8
503,25,4.0,8
503,3,3.4824993798042723,6
504,38,4.0,4
504,20,4.0,3
504,29,3.5085245065473725,5
504,13,4.0,2
504,50,4.0,5
505,11,4.0,2
505,8,3.9111424708582616,6
505,41,4.0,7
505,9,4.0,5
505,48,4.0,2
506,2,4.0,2
506,30,4.0,8
506,11,4.0,5
506,45,4.0,2
506,32,1.3796081937710725,8
506,10,2.878131778567096,2
507,2,4.0,5
507,32,1.8780564504873958,2
507,6,4.0,4
507,23,4.0,1
507,9,4.0,5
507,27,4.0,6
508,26,4.0,2
508,48,4.0,7
508,5,4.0,6
508,44,4.0,5
509,20,2.460100348632504,1
509,30,4.0,3
509,23,4.0,4
509,32,2.0219547910212925,4
509,50,4.0,6
510,47,4.0,7
510,19,4.0,7
510,25,4.0,6
510,49,4.0,2
510,26,4.0,6
511,34,4.0,4
511,49,4.0,4
511,9,4.0,2
511,11,4.0,8
512,48,4.0,4
512,31,2.8550860000985807,5
512,11,4.0,1
512,49,4.0,8
512,46,4.0,1
513,32,2.5464017131176653,8
513,36,4.0,3
513,22,4.0,1
513,12,4.0,6
513,45,4.0,1
514,41,4.0,8
514,22,4.0,6
514,16,4.0,8
514,40,4.0,1
514,34,4.0,7
515,23,4.0,2
515,30,4.0,5
515,33,4.0,7
515,22,4.0,2
515,50,4.0,1
516,43,4.0,1
516,46,4.0,3
516,11,4.0,4
516,47,4.0,1
517,5,4.0,4
517,47,4.0,4
517,36,4.0,1
517,31,1.3319438724911865,5
517,10,2.154493195419986,8
518,1,4.0,2
518,36,4.0,1
518,46,4.0,3
518,19,4.0,5
519,38,4.0,5
519,6,4.0,8
519,16,4.0,3
519,41,4.0,3
520,20,4.0,3
520,42,4.0,5
520,46,4.0,5
520,22,4.0,8
520,35,4.0,3
521,2,4.0,4
521,14,4.0,3
521,17,4.0,7
521,33,4.0,7
521,7,3.1866841532895926,8
521,23,4.0,8
522,2,4.0,5
522,11,4.0,8
522,40,4.0,8
522,30,4.0,2
523,43,4.0,4
523,2,4.0,5
523,5,4.0,7
523,47,4.0,6
523,1,4.0,4
523,28,4.0,6
524,15,3.0179960632115312,2
524,3,3.7081167369210237,1
524,12,4.0,8
524,16,4.0,5
524,25,4.0,2
524,24,4.0,1
525,38,4.0,5
525,37,2.2360028617775694,6
525,26,4.0,7
525,18,4.0,7
525,17,4.0,1
525,24,4.0,5
526,36,4.0,6
526,43,4.0,2
526,31,2.015991550824074,5
526,37,4.0,7
526,12,4.0,4
527,26,4.0,5
527,2,4.0,6
527,44,4.0,2
527,20,4.0,5
527,19,4.0,6
528,16,4.0,6
528,45,1.7256287120990175,3
528,49,3.1036908968953125,4
528,1,4.0,8
528,35,4.0,1
528,44,3.027320777746443,2
529,8,4.0,8
529,26,4.0,3
529,29,3.2936144246574313,6
529,45,4.0,6
529,31,2.3789806955871993,5
529,47,4.0,7
530,9,3.962017923168374,3
530,26,2.593923367496347,4
530,36,2.383182301595709,4
530,8,3.000364064552977,6
531,7,2.5207851042631897,8
531,14,4.0,3
531,29,2.702719689628439,4
531,30,4.0,7
531,13,4.0,4
532,3,4.0,7
532,15,2.5265689815193038,4
532,46,4.0,5
532,1,4.0,2
532,28,3.198603979505789,8
533,2,4.0,7
533,33,4.0,5
533,35,4.0,6
533,6,4.0,8
533,24,4.0,3
534,29,4.0,4
534,28,4.0,1
534,45,4.0,6
534,44,4.0,4
535,8,4.0,4
535,33,3.5340921006221313,5
535,48,4.0,4
535,19,3.879175881913392,3
535,29,3.4623459663406715,7
535,26,4.0,4
536,30,4.0,4
536,25,4.0,1
536,12,4.0,3
536,29,3.5071134178525765,6
537,10,1.8847214703649708,8
537,13,4.0,8
537,43,4.0,4
537,3,4.0,4
537,49,4.0,6
537,47,4.0,7
538,10,2.697874252387663,3
538,6,4.0,2
538,25,4.0,8
538,8,4.0,8
538,46,4.0,3
539,40,4.0,1
539,15,4.0,1
539,12,4.0,3
539,46,4.0,4
540,30,4.0,8
540,17,4.0,4
540,31,2.809086750124849,1
540,40,4.0,2
540,4,2.734033053256061,3
540,5,4.0,2
541,21,4.0,8
541,30,4.0,1
541,14,4.0,7
541,8,4.0,1
542,45,4.0,7
542,35,4.0,8
542,46,4.0,8
542,49,4.0,1
542,34,4.0,6
543,17,4.0,1
543,24,4.0,5
543,27,4.0,4
543,34,4.0,5
544,30,4.0,2
544,16,4.0,3
544,26,4.0,1
544,31,3.08674574228727,1
544,40,4.0,6
544,34,4.0,4
545,29,4.0,7
545,47,4.0,2
545,50,4.0,5
545,13,4.0,8
546,11,4.0,1
546,30,4.0,7
546,25,4.0,1
546,38,4.0,8
546,24,4.0,7
547,43,3.1093217898288446,3
547,22,4.0,7
547,35,4.0,8
547,41,4.0,7
547,47,4.0,1
547,5,4.0,7
548,11,4.0,8
548,21,4.0,4
548,27,4.0,8
548,2,4.0,6
549,15,4.0,4
549,32,2.536104032757049,8
549,1,4.0,7
549,21,4.0,7
549,27,4.0,5
550,49,4.0,2
550,34,4.0,5
550,50,4.0,4
550,42,4.0,8
551,24,4.0,1
551,43,4.0,4
551,17,4.0,6
551,41,4.0,6
552,47,4.0,3
552,37,2.9572491269178354,8
552,41,4.0,1
552,39,4.0,8
552,40,4.0,7
552,48,4.0,2
553,45,4.0,5
553,17,4.0,3
553,29,4.0,2
553,40,4.0,2
553,24,4.0,6
553,14,4.0,5
554,44,4.0,6
554,10,3.3749229854019576,7
554,22,4.0,7
554,7,2.8308084810113003,7
554,21,4.0,6
555,3,4.0,1
555,13,4.0,6
555,14,4.0,6
555,16,4.0,4
555,7,2.6612214587169207,2
556,37,1.7638292037081347,7
556,9,2.88049535821503,4
556,18,2.455071737539271,8
556,10,1.7305880013820052,2
556,31,1.6799291586774325,5
557,41,4.0,1
557,4,1.024685916793909,1
557,39,4.0,7
557,45,3.8792822249027195,2
557,37,2.1615795336261154,4
557,15,3.137022875477676,1
558,3,4.0,3
558,24,4.0,1
558,32,3.346202817187897,3
558,19,4.0,5
558,2,4.0,7
558,9,4.0,8
559,4,2.000238161049686,7
559,31,1.719066867295004,3
559,2,4.0,7
559,12,4.0,6
560,20,4.0,6
560,21,4.0,5
560,32,2.052309420569635,2
560,28,4.0,7
560,45,4.0,1
561,26,4.0,2
561,41,4.0,3
561,28,4.0,4
561,38,4.0,4
562,34,4.0,4
562,15,3.8054383484131833,4
562,1,4.0,8
562,4,1.0463703157991666,6
562,23,4.0,4
563,25,4.0,8
563,40,4.0,7
563,5,4.0,4
563,16,4.0,5
563,4,0.9769811523028518,5
564,18,4.0,2
564,16,4.0,8
564,42,4.0,3
564,12,4.0,3
564,4,2.1356316867106537,8
565,13,3.9209182033301415,1
565,43,4.0,3
565,10,3.0534102475269864,1
565,1,4.0,4
565,49,4.0,2
565,2,4.0,1
566,4,1.7553246559282982,8
566,48,4.0,8
566,16,4.0,4
566,14,4.0,5
566,25,4.0,3
567,16,4.0,4
567,39,4.0,8
567,29,3.9631312223611244,4
567,8,4.0,7
567,28,4.0,6
568,5,4.0,5
568,41,4.0,5
568,18,4.0,4
568,44,4.0,2
568,23,4.0,8
568,36,4.0,1
569,8,4.0,7
569,5,4.0,7
569,35,4.0,3
569,38,4.0,3
569,48,4.0,3
570,34,3.549292472796317,6
570,38,3.092425559407815,7
570,27,3.5923247451871876,1
570,7,1.0054875444618239,3
571,48,4.0,2
571,39,4.0,2
571,40,4.0,1
571,50,4.0,6
572,41,4.0,1
572,1,4.0,4
572,30,4.0,2
572,49,4.0,7
573,13,4.0,5
573,4,1.2450124531444287,6
573,6,4.0,3
573,34,4.0,7
574,17,4.0,5
574,49,3.346078545297032,8
574,33,4.0,4
574,44,4.0,5
574,7,2.556382122154953,5
575,47,3.962699978365243,6
575,22,4.0,4
575,4,1.7124437231319982,7
575,45,4.0,5
575,34,3.915373925707285,4
575,19,3.5353474206510507,8
576,44,4.0,5
576,12,4.0,7
576,41,4.0,1
576,26,4.0,3
576,42,4.0,1
577,6,4.0,5
577,3,4.0,2
577,7,3.362842926897802,7
577,14,4.0,4
577,4,3.3894533504452724,5
577,33,4.0,1
578,5,4.0,6
578,4,2.606402790318311,1
578,11,4.0,3
578,19,2.5919342140737833,2
579,20,4.0,8
579,14,4.0,4
579,39,4.0,2
579,45,4.0,6
579,24,4.0,6
580,11,4.0,3
580,18,2.846912332319798,6
580,36,4.0,5
580,38,4.0,5
581,41,4.0,6
581,36,4.0,1
581,7,1.0249660213194651,5
581,17,4.0,1
582,33,4.0,3
582,34,4.0,5
582,21,4.0,8
582,3,4.0,6
583,41,4.0,8
583,25,4.0,2
583,28,4.0,1
583,22,4.0,2
584,47,4.0,3
584,19,4.0,1
584,3,4.0,7
584,36,4.0,3
584,10,1.7142813491925202,7
585,35,4.0,2
585,19,3.7290127640284725,6
585,9,4.0,5
585,42,4.0,5
585,14,4.0,3
585,21,3.4577921314331683,3
586,10,2.8824243988598326,2
586,19,4.0,5
586,15,1.922735953610434,2
586,22,4.0,2
586,36,4.0,5
587,38,4.0,8
587,9,4.0,8
587,10,3.0451993725062363,1
587,29,4.0,8
588,20,2.5921836970636516,3
588,32,1.3222627761920926,8
588,34,4.0,3
588,45,4.0,8
588,26,4.0,8
588,30,4.0,5
589,3,3.9305102242915533,7
589,21,2.8049786932403533,5
589,2,4.0,7
589,20,4.0,4
590,5,3.677850215444772,6
590,50,3.2162665020969987,7
590,34,4.0,1
590,49,0.4062950179837914,4
590,44,1.7929553699625942,5
591,22,4.0,6
591,8,4.0,6
591,40,4.0,5
591,42,4.0,4
591,25,4.0,2
592,22,4.0,7
592,16,4.0,6
592,36,3.72967836407675,8
592,45,4.0,1
593,49,3.6990413093548367,8
593,20,3.3937780933047543,3
593,36,4.0,7
593,34,4.0,7
594,50,4.0,7
594,29,4.0,7
594,22,4.0,5
594,14,4.0,3
594,36,4.0,1
595,17,4.0,3
595,1,4.0,3
595,25,4.0,6
595,36,3.943442712373774,6
595,43,4.0,5
595,30,4.0,1
596,18,4.0,1
596,42,4.0,4
596,43,4.0,8
596,30,4.0,4
596,12,4.0,2
597,37,3.8985998243742754,1
597,12,4.0,4
597,13,3.9124134259814776,2
597,20,2.7126556875766177,5
597,22,4.0,7
598,38,4.0,5
598,26,4.0,5
598,11,4.0,5
598,16,4.0,5
598,7,2.598578259001948,4
599,13,4.0,1
599,21,4.0,8
599,39,4.0,4
599,30,4.0,2
599,27,4.0,2
600,30,4.0,4
600,10,2.540446887747359,3
600,7,1.586763423810306,7
600,39,4.0,3
601,23,4.0,1
601,22,4.0,4
601,42,4.0,5
601,34,4.0,4
601,10,2.698787424326686,6
602,11,4.0,4
602,13,4.0,7
602,49,4.0,4
602,22,4.0,2
603,5,4.0,4
603,10,1.9179746994793467,5
603,37,3.277391614871261,7
603,9,4.0,7
603,48,4.0,8
604,20,3.972103245517291,4
604,25,4.0,4
604,27,4.0,8
604,47,4.0,3
605,16,4.0,8
605,6,4.0,3
605,44,4.0,6
605,18,3.901706365475319,7
606,15,4.0,8
606,33,4.0,3
606,12,4.0,7
606,29,2.2015681063630472,2
606,4,2.1636071146092024,7
606,24,4.0,3
607,31,1.9459939749517379,3
607,36,4.0,3
607,8,3.698896945414859,5
607,24,4.0,2
607,41,4.0,6
608,16,4.0,6
608,29,3.632346196189871,6
608,3,4.0,3
608,11,4.0,5
608,47,4.0,5
609,6,4.0,6
609,29,3.679413263090188,8
609,33,4.0,3
609,9,4.0,5
609,1,4.0,4
609,45,4.0,7
610,10,3.3646052254211796,8
610,22,4.0,6
610,48,4.0,6
610,16,4.0,3
610,50,4.0,6
611,4,0.0,7
611,18,1.803423947535237,5
611,27,3.400738407839142,2
611,8,1.978589129046781,5
612,1,4.0,2
612,17,3.5535752006975665,6
612,36,4.0,5
612,25,4.0,7
612,20,4.0,4
612,31,1.0449860729619662,5
613,6,4.0,6
613,21,3.809647895245978,8
613,47,4.0,2
613,31,0.8503639230929572,6
613,5,4.0,1
614,24,3.9704746905453394,1
614,8,4.0,8
614,10,2.0970202564412594,1
614,15,4.0,4
614,14,4.0,4
614,4,1.3371911571232282,4
615,10,3.0162495400284386,4
615,22,4.0,2
615,46,4.0,5
615,39,4.0,4
615,4,0.7305844585895653,6
616,50,4.0,8
616,34,4.0,5
616,3,4.0,2
616,39,4.0,3
616,36,4.0,4
617,45,4.0,5
617,33,4.0,6
617,42,4.0,7
617,25,4.0,8
618,44,4.0,4
618,35,4.0,3
618,47,4.0,8
618,49,2.48918103676466,1
618,21,2.89687839967482,7
619,22,4.0,2
619,23,3.970903550530936,6
619,21,4.0,4
619,20,3.3343358266481515,8
619,9,3.238903998881227,6
619,47,4.0,4
620,24,4.0,2
620,39,4.0,6
620,25,4.0,6
620,30,4.0,6
620,34,4.0,6
620,4,3.876351719435603,7
621,42,4.0,3
621,43,3.7691572638043347,6
621,35,4.0,5
621,4,1.6912678699345007,8
621,47,4.0,7
622,50,4.0,1
622,15,4.0,5
622,10,4.0,2
622,1,4.0,1
622,18,3.762255387814535,1
623,13,4.0,7
623,27,4.0,4
623,12,4.0,7
623,16,4.0,3
624,36,4.0,3
624,41,4.0,2
624,13,3.3754691027617794,6
624,26,4.0,1
624,45,4.0,5
624,20,3.627600585077808,5
625,22,4.0,2
625,17,4.0,8
625,16,4.0,4
625,11,4.0,8
625,4,1.8764433824099618,8
626,1,4.0,6
626,18,4.0,4
626,15,4.0,8
626,14,4.0,4
626,21,4.0,3
627,42,4.0,1
627,19,3.695029984399986,1
627,38,4.0,3
627,47,4.0,1
627,1,4.0,2
627,20,4.0,6
628,12,4.0,5
628,25,4.0,2
628,48,4.0,5
628,32,2.576355268019219,7
629,28,4.0,4
629,29,2.0182852338461625,6
629,46,4.0,5
629,4,1.3546374445577414,8
629,48,4.0,8
629,20,4.0,2
630,16,4.0,7
630,4,2.503064304233801,2
630,20,2.2530493142328476,5
630,35,4.0,1
631,18,2.68741196210018,8
631,14,4.0,1
631,31,1.3518228179408793,6
631,28,4.0,2
632,5,4.0,7
632,42,4.0,1
632,48,4.0,1
632,2,4.0,3
633,11,4.0,6
633,18,2.109535159301963,7
633,45,4.0,3
633,49,4.0,3
633,8,4.0,8
633,27,4.0,3
634,19,2.4039095447403365,4
634,8,3.063002154333562,8
634,10,0.6241358108198679,2
634,17,3.208059628418137,8
635,1,4.0,6
635,48,4.0,2
635,26,4.0,7
635,35,4.0,3
636,5,4.0,6
636,11,4.0,1
636,19,4.0,3
636,9,4.0,5
636,46,4.0,8
636,43,4.0,5
637,21,4.0,4
637,9,4.0,2
637,45,4.0,2
637,24,4.0,4
637,23,4.0,4
637,27,4.0,7
638,14,4.0,4
638,23,4.0,5
638,30,4.0,7
638,8,3.906988552166537,8
639,2,4.0,4
639,18,3.793282854227927,1
639,44,4.0,8
639,6,4.0,2
639,39,4.0,5
639,49,4.0,8
640,50,4.0,4
640,33,4.0,6
640,35,4.0,3
640,19,4.0,8
640,39,4.0,5
641,2,4.0,8
641,12,4.0,8
641,24,4.0,5
641,18,4.0,7
641,34,4.0,8
642,32,1.903646358049723,4
642,25,4.0,3
642,33,4.0,7
642,41,4.0,8
643,4,1.972195999212846,7
643,10,1.8634365742350407,1
643,36,4.0,2
643,48,4.0,6
643,43,3.4992405925362924,1
644,38,4.0,5
644,25,4.0,3
644,26,4.0,1
644,46,4.0,7
645,13,4.0,7
645,24,4.0,6
645,25,4.0,6
645,44,4.0,7
645,29,3.1851991216040774,1
645,3,4.0,2
646,42,4.0,8
646,17,4.0,7
646,26,4.0,7
646,16,4.0,7
646,6,4.0,1
647,8,4.0,5
647,23,4.0,2
647,9,4.0,4
647,4,2.817605765951239,4
647,1,4.0,8
648,41,4.0,3
648,42,4.0,4
648,10,1.9925860461642508,8
648,35,4.0,7
649,2,4.0,6
649,9,4.0,7
649,45,4.0,7
649,23,4.0,1
650,18,4.0,6
650,22,4.0,5
650,11,4.0,5
650,9,4.0,1
650,44,4.0,4
650,23,4.0,3
651,30,4.0,6
651,20,4.0,1
651,25,4.0,8
651,43,2.9614134779789105,4
652,26,4.0,8
652,35,4.0,7
652,15,4.0,7
652,25,4.0,8
652,4,3.044648513881663,2
652,45,4.0,6
653,28,4.0,8
653,48,4.0,4
653,26,4.0,5
653,49,4.0,4
653,24,4.0,5
654,3,4.0,1
654,16,4.0,5
654,17,4.0,1
654,2,4.0,6
655,47,4.0,2
655,31,2.5700248797483054,4
655,36,4.0,6
655,8,2.463469146905368,8
655,23,4.0,6
655,32,3.1344894802760015,5
656,33,4.0,4
656,49,3.5023077213136027,1
656,13,4.0,7
656,39,4.0,3
657,4,2.5695482312123117,6
657,28,4.0,4
657,47,4.0,5
657,21,4.0,2
658,31,2.3571080393875508,4
658,8,4.0,1
658,7,3.5260167301684984,4
658,28,4.0,4
658,16,4.0,2
659,7,3.5524243726525326,3
659,12,4.0,2
659,5,4.0,4
659,22,4.0,5
659,45,4.0,1
660,21,4.0,2
660,24,4.0,4
660,25,4.0,6
660,47,4.0,7
660,13,4.0,7
661,18,3.526936792941254,6
661,26,4.0,7
661,33,3.243368078672266,7
661,1,4.0,8
661,30,4.0,2
662,9,4.0,5
662,1,4.0,2
662,44,4.0,1
662,34,4.0,2
662,50,4.0,2
662,20,4.0,7
663,20,2.8285345186504833,4
663,42,4.0,6
663,43,2.5289791674938065,3
663,11,4.0,7
664,44,4.0,5
664,25,4.0,5
664,5,4.0,7
664,14,4.0,6
664,13,4.0,7
664,45,4.0,7
665,47,2.7220867334384318,8
665,50,4.0,2
665,22,4.0,1
665,18,1.4803783249703455,3
665,48,4.0,4
666,36,4.0,3
666,1,4.0,4
666,13,4.0,8
666,8,4.0,8
667,32,4.0,8
667,23,4.0,5
667,50,4.0,6
667,24,4.0,4
668,31,2.6006180233336282,5
668,16,4.0,8
668,12,4.0,8
668,48,4.0,3
668,10,1.2497951437318644,1
668,4,2.7516433649931624,3
669,17,4.0,2
669,14,4.0,1
669,16,4.0,4
669,44,4.0,6
669,4,1.3461330197876342,7
670,24,3.2156920730462115,5
670,26,4.0,3
670,11,3.102790955974481,6
670,46,3.5750956689541473,4
670,44,3.2900142389976255,3
670,14,4.0,8
671,9,4.0,6
671,8,4.0,2
671,14,4.0,4
671,32,3.7497582483770926,4
671,15,1.8770822343271698,3
672,49,3.8962899731153735,3
672,12,3.6676921283246067,8
672,25,4.0,6
672,47,4.0,6
673,47,4.0,8
673,13,4.0,6
673,32,3.838053113696062,6
673,49,4.0,4
673,5,4.0,2
673,25,4.0,8
674,23,4.0,3
674,31,1.5963248765708913,7
674,16,4.0,8
674,33,4.0,4
674,13,4.0,3
675,13,4.0,2
675,2,4.0,1
675,20,4.0,4
675,47,4.0,5
675,6,4.0,3
675,50,4.0,5
676,35,4.0,1
676,18,4.0,1
676,15,2.744848558580398,1
676,41,4.0,6
676,28,4.0,5
676,25,4.0,5
677,40,4.0,3
677,45,4.0,4
677,19,3.5106246831922383,5
677,25,4.0,8
678,6,4.0,7
678,29,4.0,1
678,48,4.0,7
678,5,4.0,4
679,11,4.0,7
679,29,2.8820474031690977,6
679,21,4.0,4
679,9,4.0,1
679,36,4.0,5
680,22,4.0,5
680,47,4.0,2
680,45,4.0,5
680,5,4.0,1
680,3,4.0,6
681,32,2.766083671621714,1
681,38,4.0,1
681,45,4.0,4
681,13,4.0,7
682,23,4.0,4
682,4,2.2956041771361937,4
682,25,4.0,2
682,18,3.672316060174868,8
682,6,4.0,4
682,42,4.0,4
683,29,3.5405923365176584,1
683,23,4.0,8
683,1,4.0,1
683,13,3.633654217158626,3
684,47,3.6372813414657625,6
684,21,3.98603036655918,1
684,12,2.5132211717779436,6
684,16,4.0,7
684,22,3.19304264390113,3
684,15,3.564704236102335,4
685,12,4.0,1
685,23,4.0,6
685,29,3.586244534780398,8
685,32,1.4865639243504212,7
685,6,4.0,6
686,47,4.0,7
686,49,4.0,6
686,26,4.0,6
686,27,4.0,7
686,30,4.0,6
687,1,4.0,1
687,29,2.9306650128078666,7
687,2,4.0,1
687,39,4.0,2
687,40,4.0,2
688,4,1.8727185339914671,1
688,7,2.2055942865777762,4
688,2,4.0,7
688,42,4.0,7
689,4,4.0,5
689,22,4.0,6
689,2,4.0,2
689,46,4.0,5
689,40,4.0,3
689,25,4.0,5
690,1,4.0,1
690,12,3.8740944269629902,3
690,21,3.602791916967137,4
690,30,4.0,3
691,29,2.4545577425637175,2
691,34,4.0,6
691,28,4.0,7
691,12,4.0,6
691,22,4.0,6
691,42,4.0,2
692,36,4.0,6
692,19,3.9412844089839023,6
692,35,4.0,3
692,8,3.712229139125247,7
692,50,4.0,3
692,38,4.0,2
693,41,4.0,4
693,29,4.0,3
693,9,4.0,4
693,6,4.0,8
693,36,4.0,2
693,13,3.2642462516834145,3
694,23,4.0,3
694,42,4.0,5
694,37,3.550668323814746,5
694,24,3.4218322086942603,3
694,2,4.0,6
695,49,4.0,4
695,16,4.0,8
695,42,4.0,3
695,46,4.0,8
695,12,4.0,3
695,20,3.8262177798097676,6
696,24,4.0,1
696,13,4.0,5
696,42,4.0,1
696,1,4.0,6
696,28,4.0,2
697,1,4.0,8
697,45,4.0,4
697,39,4.0,2
697,12,4.0,2
697,14,4.0,8
697,29,3.749550808890363,2
698,22,4.0,1
698,6,4.0,3
698,44,4.0,3
698,33,4.0,5
699,28,4.0,1
699,1,4.0,3
699,13,3.2482486094769554,1
699,12,4.0,8
699,10,1.7115938517206715,3
699,39,3.20521977018475,1
700,24,2.8812326307188427,3
700,39,3.481316452410086,2
700,33,4.0,1
700,28,4.0,1
700,6,4.0,1
700,17,3.3185963992131127,2
701,34,4.0,3
701,29,2.343607781982576,1
701,27,4.0,1
701,1,4.0,5
701,18,4.0,4
702,38,4.0,7
702,9,4.0,1
702,1,4.0,5
702,45,4.0,2
703,4,0.8599345194961359,3
703,30,4.0,1
703,26,4.0,4
703,20,4.0,4
703,23,4.0,7
703,15,4.0,7
704,4,2.57400880559663,8
704,36,4.0,6
704,9,4.0,4
704,39,4.0,5
704,15,4.0,5
704,42,4.0,8
705,4,2.6059882966723844,8
705,8,3.1719459964361345,2
705,32,3.8801695953194852,8
705,6,4.0,3
706,22,4.0,4
706,28,4.0,7
706,42,4.0,1
706,44,4.0,1
706,24,4.0,4
707,17,4.0,3
707,10,3.106080440600544,7
707,7,3.2850715685233545,3
707,47,4.0,5
707,22,4.0,1
708,6,4.0,4
708,45,4.0,5
708,10,1.477434268788034,7
708,35,4.0,3
708,3,4.0,6
709,4,2.2125035287536234,7
709,32,1.8502360660479582,5
709,24,4.0,4
709,7,1.1159157953572807,8
709,22,4.0,1
709,18,4.0,2
710,16,4.0,7
710,30,4.0,4
710,25,4.0,6
710,33,4.0,7
710,43,3.6944627110199386,7
711,37,4.0,3
711,27,4.0,2
711,16,4.0,4
711,50,4.0,2
711,25,4.0,3
711,47,4.0,4
712,15,2.894718703085969,8
712,7,0.9573334443195531,3
712,27,3.959530491042582,5
712,36,3.039586231104239,6
713,25,4.0,8
713,23,4.0,2
713,13,4.0,3
713,27,4.0,2
713,28,4.0,7
714,37,3.220179995108511,5
714,13,4.0,3
714,9,4.0,2
714,31,3.112025768154396,7
714,24,4.0,1
715,34,4.0,3
715,11,4.0,1
715,35,4.0,4
715,5,4.0,3
715,20,4.0,3
715,45,4.0,8
716,1,4.0,1
716,14,4.0,8
716,24,3.5579774030033025,7
716,30,4.0,8
716,48,4.0,1
717,10,1.7591929163566329,6
717,1,4.0,6
717,13,4.0,5
717,36,4.0,7
717,9,4.0,3
718,25,4.0,3
718,50,4.0,4
718,31,1.7427767823205027,3
718,13,4.0,2
718,26,4.0,5
718,17,4.0,2
719,21,4.0,2
719,14,4.0,5
719,16,4.0,8
719,15,3.865688378416902,3
720,8,4.0,7
720,4,2.28010627963597,4
720,31,2.726311780750704,4
720,9,4.0,1
720,21,4.0,2
720,3,4.0,3
721,24,4.0,1
721,30,4.0,2
721,2,4.0,3
721,18,4.0,1
722,9,4.0,5
722,26,4.0,2
722,32,3.4877903927491047,6
722,34,4.0,8
722,16,4.0,7
723,23,4.0,3
723,41,4.0,6
723,2,4.0,1
723,44,4.0,7
724,34,4.0,3
724,41,4.0,3
724,19,2.8881489646690457,6
724,33,4.0,2
725,32,2.9796812646854725,2
725,7,3.4638440874073257,5
725,45,4.0,7
725,14,4.0,1
726,34,4.0,5
726,30,4.0,7
726,32,2.868547835545812,4
726,6,4.0,7
726,22,4.0,4
727,29,4.0,3
727,24,4.0,3
727,18,4.0,2
727,33,4.0,4
728,23,4.0,5
728,10,2.033808542601889,7
728,40,4.0,4
728,4,3.147710921636402,3
728,22,4.0,5
729,17,4.0,6
729,25,4.0,1
729,33,4.0,8
729,9,4.0,6
729,15,3.2884755388622615,6
730,4,3.5045067268305994,4
730,29,4.0,7
730,43,4.0,3
730,26,4.0,3
730,10,2.7580958537456417,5
731,35,4.0,5
731,18,4.0,5
731,17,4.0,7
731,33,4.0,1
731,38,4.0,3
732,41,4.0,4
732,22,4.0,8
732,38,4.0,1
732,20,4.0,7
732,30,4.0,4
733,23,4.0,6
733,34,4.0,7
733,19,4.0,8
733,29,3.011060644220914,8
733,48,4.0,6
733,33,4.0,8
734,24,3.469153025952093,3
734,41,4.0,6
734,11,4.0,6
734,49,4.0,1
735,22,4.0,3
735,3,4.0,3
735,7,1.4443846259010837,1
735,39,4.0,1
736,3,4.0,5
736,26,4.0,6
736,41,4.0,8
736,35,4.0,4
736,31,2.4798414725702167,2
736,24,3.7702798206053236,6
737,35,4.0,5
737,33,4.0,2
737,28,4.0,3
737,34,4.0,1
737,3,4.0,4
737,4,1.666310984802519,1
738,41,4.0,1
738,23,4.0,3
738,9,4.0,4
738,31,0.6526818856311218,7
738,32,1.6817949200510898,1
739,42,4.0,4
739,46,4.0,1
739,14,4.0,8
739,11,4.0,5
740,11,4.0,8
740,40,4.0,1
740,49,3.345838807600069,7
740,42,4.0,1
740,1,4.0,8
741,38,4.0,2
741,22,4.0,5
741,12,4.0,6
741,25,4.0,5
742,26,4.0,5
742,25,4.0,6
742,5,4.0,2
742,28,4.0,4
743,20,4.0,3
743,40,4.0,5
743,38,4.0,2
743,39,4.0,6
744,12,4.0,3
744,20,4.0,8
744,35,4.0,7
744,32,3.429099435774006,6
745,39,4.0,2
745,22,4.0,3
745,20,4.0,4
745,50,4.0,7
745,27,4.0,3
745,31,2.8700251425714285,5
746,9,4.0,6
746,21,4.0,5
746,37,4.0,7
746,33,4.0,8
746,8,4.0,5
747,26,3.8979791621589883,2
747,8,4.0,5
747,34,4.0,1
747,16,4.0,2
747,18,4.0,3
747,40,4.0,8
748,1,4.0,8
748,4,3.7747003743375043,3
748,41,4.0,6
748,34,4.0,2
748,30,4.0,1
748,22,4.0,3
749,34,4.0,7
749,5,4.0,6
749,39,4.0,5
749,2,4.0,7
750,26,4.0,7
750,7,2.957698071093551,3
750,9,4.0,4
750,46,4.0,2
751,42,4.0,4
751,49,4.0,5
751,1,4.0,3
751,44,3.729676293892193,3
752,12,4.0,8
752,18,3.7553202358288353,4
752,30,4.0,1
752,23,4.0,4
753,37,2.828146877446974,6
753,9,4.0,3
753,50,4.0,7
753,10,2.971406787098669,7
754,41,4.0,6
754,20,4.0,3
754,34,4.0,5
754,15,4.0,3
755,9,4.0,3
755,50,4.0,8
755,38,4.0,3
755,31,3.5165351795432045,4
755,2,4.0,2
755,5,4.0,3
756,27,4.0,2
756,15,4.0,5
756,12,4.0,2
756,40,4.0,2
757,43,3.869909039767709,8
757,45,4.0,2
757,35,4.0,2
757,18,4.0,1
757,46,4.0,5
757,38,4.0,5
758,23,4.0,2
758,1,4.0,1
758,19,4.0,6
758,49,4.0,2
758,6,4.0,8
758,31,2.8109863858197452,2
759,17,4.0,1
759,44,4.0,5
759,47,4.0,1
759,8,4.0,5
760,49,4.0,4
760,4,1.2786507789040082,4
760,40,4.0,5
760,3,4.0,7
760,8,4.0,3
760,25,4.0,6
761,13,4.0,7
761,3,4.0,5
761,43,4.0,2
761,24,4.0,4
761,30,4.0,1
761,17,4.0,3
762,1,4.0,8
762,43,4.0,3
762,4,1.3832203806137908,2
762,10,4.0,7
762,31,2.1906053057941985,1
763,40,3.778264266346281,6
763,13,2.5172660840902785,2
763,22,4.0,3
763,34,4.0,6
764,15,4.0,3
764,8,4.0,5
764,39,4.0,3
764,23,4.0,5
764,40,4.0,7
765,24,4.0,4
765,37,2.541120028636693,3
765,16,4.0,8
765,29,2.227700914714703,8
765,49,3.1027577542161655,5
765,27,4.0,5
766,32,1.9407322703550371,4
766,46,4.0,5
766,2,4.0,5
766,39,4.0,5
767,50,4.0,7
767,22,4.0,5
767,37,2.83633169598398,5
767,26,3.818931435546518,8
768,34,4.0,7
768,9,4.0,1
768,44,4.0,4
768,6,4.0,3
769,4,2.2417646743876767,2
769,17,4.0,2
769,20,4.0,7
769,3,4.0,5
769,47,4.0,6
769,44,4.0,6
770,47,4.0,4
770,6,4.0,6
770,12,4.0,1
770,31,2.601305190464327,3
770,33,4.0,6
771,35,4.0,3
771,48,4.0,3
771,10,1.9627637260029196,2
771,3,4.0,4
772,35,4.0,4
772,41,4.0,2
772,15,2.623418682973888,2
772,34,3.3476626989747755,6
772,4,2.1931259211898837,7
772,43,2.77591654768165,4
773,33,4.0,8
773,14,4.0,8
773,8,4.0,5
773,22,4.0,5
773,32,2.5885953120481386,7
773,19,3.215786593033469,1
774,37,1.5631837658112309,8
774,17,4.0,5
774,44,4.0,2
774,24,4.0,6
774,43,4.0,1
774,8,3.8340774603034085,3
775,5,3.8779990723917357,3
775,4,0.6317521711196522,4
775,38,4.0,6
775,22,4.0,3
775,40,4.0,4
775,26,3.766189309807261,7
776,17,4.0,4
776,49,3.8697201188342176,3
776,22,4.0,8
776,18,4.0,7
777,36,4.0,2
777,1,4.0,5
777,30,4.0,1
777,7,4.0,5
777,4,1.4406138193825706,5
777,27,4.0,8
778,9,4.0,4
778,38,3.9391631305541264,3
778,20,4.0,7
778,31,1.5503096443580109,6
779,42,4.0,6
779,5,4.0,2
779,7,3.322395980173697,5
779,25,4.0,1
779,46,4.0,8
779,17,4.0,2
780,37,4.0,5
780,31,3.672414075219802,7
780,36,4.0,1
780,3,4.0,1
780,50,4.0,7
780,20,4.0,4
781,34,4.0,6
781,21,3.964846506593386,5
781,50,4.0,6
781,10,2.185417562472752,3
782,19,4.0,2
782,28,4.0,5
782,3,4.0,2
782,5,4.0,8
782,38,4.0,6
783,47,4.0,2
783,3,4.0,4
783,19,3.509043941127014,6
783,40,4.0,2
783,20,4.0,6
783,46,4.0,7
784,39,3.9788928908139853,3
784,44,4.0,7
784,21,4.0,7
784,42,4.0,2
784,34,4.0,8
785,33,3.81094524505758,3
785,32,1.8040811260853078,8
785,46,4.0,3
785,36,4.0,1
786,36,4.0,5
786,31,1.5398948960132508,2
786,29,2.982058427260312,5
786,26,4.0,8
787,34,4.0,4
787,36,4.0,6
787,21,4.0,3
787,49,4.0,1
788,44,4.0,6
788,28,4.0,1
788,42,4.0,6
788,11,4.0,6
789,26,4.0,3
789,13,4.0,7
789,43,4.0,6
789,25,4.0,2
790,4,2.1597674747747675,3
790,22,4.0,2
790,47,4.0,1
790,30,4.0,3
790,45,4.0,7
790,12,4.0,4
791,19,3.535037298702467,4
791,40,3.9975345431542633,1
791,48,4.0,1
791,33,4.0,7
791,30,4.0,2
792,26,4.0,8
792,39,2.65990887467948,6
792,24,3.5056723378868537,6
792,2,4.0,1
792,38,4.0,1
792,6,4.0,7
793,27,4.0,2
793,21,3.8908692078641565,2
793,25,4.0,3
793,8,3.484044258161317,3
793,13,3.8655748765169666,2
794,1,4.0,6
794,40,3.3649415328204517,6
794,25,4.0,5
794,43,2.5206260547162915,2
794,34,4.0,2
794,2,4.0,3
795,36,4.0,4
795,17,4.0,8
795,1,4.0,7
795,25,4.0,1
796,38,4.0,6
796,14,4.0,3
796,34,4.0,1
796,45,4.0,6
796,29,3.120842698119446,6
797,36,4.0,1
797,17,4.0,8
797,34,4.0,2
797,15,3.9352752807034825,1
797,48,4.0,1
797,50,4.0,6
798,32,3.5364727088627483,1
798,49,3.2887606983340527,2
798,46,4.0,8
798,19,4.0,2
799,4,1.123395618974127,1
799,16,4.0,3
799,19,3.7452846881182085,6
799,11,4.0,2
799,24,4.0,7
800,28,4.0,4
800,42,4.0,4
800,26,4.0,8
800,21,3.75053437866824,6
800,31,2.246018347160839,1
800,23,4.0,7
801,4,1.4543310601496187,3
801,31,0.3853962556388111,2
801,34,4.0,6
801,32,2.6514626272164916,2
801,35,4.0,3
801,19,4.0,6
802,7,2.145851854613688,7
802,46,4.0,4
802,10,1.7637024206204506,6
802,25,4.0,5
803,18,2.6385534046836385,3
803,46,4.0,5
803,50,4.0,1
803,36,4.0,7
803,24,4.0,2
804,25,4.0,6
804,33,4.0,5
804,35,4.0,8
804,42,4.0,4
804,14,4.0,1
805,5,4.0,5
805,37,4.0,1
805,48,4.0,4
805,27,4.0,7
805,29,4.0,5
805,28,4.0,4
806,7,2.1499164203111807,3
806,12,4.0,6
806,42,4.0,1
806,15,4.0,1
807,9,3.946103173622576,8
807,2,4.0,3
807,35,4.0,1
807,12,4.0,4
807,24,3.8833761323092473,2
808,46,4.0,3
808,11,4.0,3
808,37,2.53513206441475,5
808,40,4.0,1
808,21,4.0,3
808,2,4.0,8
809,12,4.0,5
809,21,4.0,7
809,33,2.1692482625507776,4
809,7,2.680823312664142,3
809,15,3.5535348731420022,3
810,1,4.0,2
810,41,4.0,7
810,34,4.0,4
810,40,4.0,5
811,43,4.0,4
811,49,4.0,4
811,36,4.0,7
811,48,4.0,4
812,40,4.0,3
812,4,3.5988081942923382,7
812,26,4.0,5
812,31,2.6628006056329023,6
812,9,4.0,3
813,6,4.0,6
813,49,4.0,6
813,47,4.0,6
813,28,4.0,7
814,14,4.0,1
814,26,4.0,3
814,28,4.0,3
814,47,4.0,2
815,6,4.0,6
815,41,4.0,7
815,7,3.4077281015836975,7
815,20,4.0,8
815,30,4.0,7
816,34,4.0,6
816,15,4.0,1
816,5,4.0,5
816,41,4.0,4
816,43,4.0,7
816,2,4.0,8
817,32,2.7727016490856657,2
817,42,4.0,8
817,8,3.982301406613182,6
817,44,4.0,5
817,25,4.0,2
817,16,4.0,3
818,24,4.0,7
818,12,4.0,1
818,14,4.0,6
818,13,4.0,8
818,15,4.0,1
818,16,4.0,3
819,48,4.0,7
819,14,4.0,2
819,49,4.0,4
819,47,4.0,8
820,22,4.0,2
820,38,4.0,8
820,1,4.0,3
820,47,4.0,8
821,3,4.0,1
821,44,4.0,4
821,21,3.4412009123380454,7
821,13,4.0,4
821,9,4.0,6
822,6,4.0,1
822,38,4.0,8
822,15,4.0,1
822,2,4.0,3
822,12,4.0,6
822,13,4.0,2
823,24,4.0,1
823,6,4.0,5
823,32,2.63626535189933,7
823,1,4.0,8
823,35,4.0,6
824,31,1.9937907025862731,2
824,43,2.9884546300534214,8
824,22,4.0,8
824,47,4.0,4
825,31,2.4020500531348565,2
825,9,4.0,1
825,23,4.0,5
825,8,3.7791521233005714,1
826,36,2.9275998426558387,2
826,44,4.0,2
826,33,4.0,3
826,32,2.6661883562067175,1
827,21,4.0,4
827,27,4.0,7
827,7,3.064700296895112,3
827,41,4.0,6
828,39,3.99395054874459,2
828,37,2.8766348825140673,1
828,6,4.0,5
828,17,4.0,2
829,35,4.0,2
829,2,4.0,6
829,49,3.7944730807214344,6
829,22,4.0,8
829,31,2.4118343044908195,4
830,32,4.0,6
830,19,4.0,2
830,30,4.0,4
830,20,4.0,4
831,36,3.0712277007652635,6
831,19,3.0693821605302376,7
831,12,4.0,3
831,4,2.198234651589877,3
832,39,4.0,3
832,23,3.1195113753134507,1
832,27,4.0,1
832,41,4.0,1
833,37,4.0,4
833,19,2.9801426403532125,8
833,18,4.0,6
833,9,3.5784034843087102,3
833,2,4.0,7
833,21,4.0,5
834,19,4.0,4
834,18,4.0,3
834,3,4.0,5
834,47,4.0,3
834,32,2.857144235075954,1
835,39,4.0,4
835,18,3.241164432249998,2
835,28,4.0,7
835,33,4.0,6
836,32,2.8394235909548105,4
836,11,4.0,1
836,49,4.0,1
836,15,3.456951825596446,3
837,4,2.0089214945425313,4
837,48,4.0,1
837,30,4.0,1
837,22,4.0,1
837,15,3.146654016650242,4
838,12,4.0,3
838,33,4.0,4
838,8,4.0,3
838,40,4.0,8
838,31,3.428557430278205,8
839,32,3.9582777582094053,7
839,49,4.0,2
839,7,3.0192440805352136,8
839,3,4.0,7
840,49,2.634310409867675,2
840,23,4.0,5
840,20,3.3243545759267246,8
840,22,4.0,3
841,20,4.0,5
841,24,3.8496609965905533,6
841,10,2.227169952933767,3
841,50,4.0,4
841,2,4.0,5
842,35,4.0,3
842,32,3.1340263024906556,3
842,6,4.0,1
842,17,4.0,4
843,1,4.0,1
843,19,3.7205632471162504,6
843,6,4.0,6
843,45,4.0,7
844,22,4.0,2
844,12,4.0,4
844,9,4.0,8
844,36,4.0,3
844,7,1.9861080511457625,1
845,19,4.0,4
845,25,4.0,3
845,4,2.090796274661749,6
845,43,4.0,2
845,39,4.0,7
846,36,4.0,2
846,18,3.3240739648248248,2
846,23,4.0,1
846,2,4.0,2
846,21,4.0,1
847,10,2.1591193416087155,2
847,34,4.0,6
847,27,4.0,2
847,37,3.6550472896438464,3
847,21,4.0,5
848,30,4.0,2
848,27,4.0,6
848,24,4.0,2
848,42,4.0,3
849,14,4.0,7
849,40,4.0,7
849,31,3.0741465842920075,6
849,50,4.0,6
849,13,3.8633676992177093,2
850,28,4.0,2
850,48,4.0,8
850,49,4.0,8
850,14,4.0,2
850,3,4.0,3
850,25,4.0,1
851,32,2.9215909383330665,7
851,37,2.1403765479207637,6
851,42,4.0,8
851,19,2.5462787726490155,5
851,9,4.0,5
852,28,2.030313851770461,5
852,9,3.112273906091075,3
852,4,1.6561437093054914,4
852,23,1.736666140083498,3
852,43,1.438004925521224,6
852,19,2.010161614695703,2
853,22,4.0,2
853,5,4.0,6
853,46,4.0,4
853,44,4.0,3
854,43,3.557968965139032,6
854,19,4.0,7
854,10,3.048705499736372,5
854,7,3.9918797844884066,2
854,18,3.9747264327044123,4
855,6,4.0,8
855,18,4.0,4
855,47,4.0,5
855,33,4.0,4
855,39,4.0,6
856,36,4.0,3
856,49,4.0,3
856,26,4.0,2
856,40,4.0,4
856,22,4.0,3
857,13,4.0,5
857,31,3.101746890143632,5
857,21,4.0,2
857,23,4.0,8
857,29,2.352836133885777,7
858,19,4.0,5
858,33,4.0,2
858,37,4.0,4
858,35,4.0,7
859,14,4.0,6
859,15,3.157181163100057,4
859,6,4.0,5
859,41,4.0,2
859,3,4.0,8
859,23,4.0,7
860,37,4.0,8
860,33,4.0,1
860,3,4.0,2
860,11,4.0,7
860,50,4.0,1
861,30,4.0,3
861,27,4.0,6
861,39,4.0,6
861,1,4.0,6
861,3,4.0,1
862,22,4.0,7
862,29,2.9725995254981505,3
862,11,4.0,6
862,20,3.4832676847735686,2
862,12,4.0,3
862,39,3.511905396228254,6
863,38,4.0,5
863,31,2.6706438079393293,4
863,1,4.0,4
863,41,4.0,8
863,35,4.0,5
864,21,4.0,8
864,46,4.0,3
864,19,4.0,4
864,43,4.0,3
864,35,4.0,8
864,32,3.1356782041155853,7
865,50,4.0,8
865,34,4.0,4
865,20,4.0,4
865,16,4.0,7
865,6,4.0,1
866,47,4.0,7
866,20,3.999667275073738,3
866,3,4.0,8
866,2,4.0,4
866,22,4.0,6
866,24,4.0,6
867,18,3.925495753923233,2
867,16,4.0,6
867,17,4.0,5
867,6,4.0,6
868,25,4.0,5
868,8,4.0,7
868,18,4.0,4
868,16,4.0,1
868,11,4.0,8
868,31,2.5100220529472765,3
869,18,4.0,6
869,21,4.0,8
869,2,4.0,4
869,20,4.0,7
870,14,4.0,5
870,35,4.0,7
870,4,2.0841306833500712,5
870,49,4.0,4
870,17,4.0,4
870,22,4.0,5
871,28,4.0,3
871,20,3.1821407485442266,5
871,9,4.0,8
871,19,2.661425110235398,5
872,2,4.0,3
872,50,4.0,7
872,11,4.0,2
872,8,4.0,1
872,45,4.0,8
873,9,4.0,5
873,19,3.7035409232853596,5
873,50,4.0,3
873,2,4.0,3
873,34,4.0,6
873,12,3.9982660881727243,6
874,8,4.0,8
874,4,1.079983233061642,6
874,22,4.0,2
874,23,4.0,5
874,12,4.0,7
874,33,4.0,5
875,44,4.0,5
875,17,4.0,7
875,20,4.0,2
875,22,4.0,2
876,26,4.0,4
876,8,3.6721344490516015,5
876,12,3.8259573638664186,4
876,11,3.918070432127423,2
876,15,3.9223029108129377,4
876,13,3.864867225393791,5
877,44,4.0,6
877,17,4.0,4
877,35,4.0,7
877,27,4.0,1
877,26,4.0,1
877,6,4.0,7
878,20,4.0,1
878,13,4.0,2
878,14,4.0,6
878,12,4.0,1
878,39,4.0,3
879,22,4.0,5
879,34,4.0,7
879,33,4.0,4
879,10,1.1209184237315326,1
879,28,4.0,3
880,13,4.0,7
880,48,4.0,4
880,11,4.0,1
880,1,4.0,5
881,33,4.0,4
881,50,4.0,1
881,19,2.830640520157837,7
881,36,2.3883787890393613,1
881,48,4.0,8
881,40,3.520173043619595,5
882,33,4.0,8
882,41,4.0,1
882,8,4.0,6
882,31,2.597029170757647,1
883,37,1.8718129751945196,5
883,35,4.0,2
883,22,4.0,5
883,14,3.7098694657045823,5
883,12,4.0,5
883,32,3.358158601838686,2
884,38,4.0,4
884,8,4.0,6
884,47,4.0,3
884,42,4.0,2
884,30,4.0,2
885,44,4.0,3
885,50,4.0,6
885,30,4.0,7
885,35,4.0,2
885,9,4.0,3
886,45,4.0,7
886,15,4.0,8
886,39,3.656900779389109,1
886,3,4.0,4
886,38,4.0,8
887,30,4.0,5
887,15,3.231675951718447,2
887,29,4.0,7
887,50,4.0,7
887,43,3.013738718205418,3
888,9,3.8756940770667496,6
888,37,2.987797475084478,1
888,4,2.019946426324505,2
888,29,2.314650802842799,4
889,38,4.0,7
889,40,4.0,1
889,13,2.652396481492956,8
889,16,4.0,7
889,39,2.834815238949287,3
890,25,4.0,4
890,50,4.0,4
890,31,3.5950876218446526,8
890,2,4.0,5
891,8,4.0,2
891,43,4.0,7
891,7,1.8370092332388575,2
891,29,3.2342116587314913,6
891,22,4.0,2
891,40,4.0,5
892,48,4.0,2
892,36,3.6105654535696976,5
892,12,3.4447492869360965,7
892,42,4.0,3
893,28,4.0,1
893,30,4.0,1
893,45,4.0,5
893,35,4.0,8
893,6,4.0,5
893,15,3.8574069062308145,6
894,18,4.0,5
894,27,4.0,4
894,6,4.0,4
894,24,4.0,1
894,3,4.0,4
895,47,4.0,6
895,45,3.0032541382499796,4
895,23,4.0,7
895,32,3.1210117823428853,5
895,18,2.9686119899283656,7
896,46,4.0,8
896,38,4.0,6
896,5,4.0,3
896,22,4.0,8
897,45,4.0,7
897,23,4.0,3
897,48,4.0,3
897,10,3.7177992863601217,6
897,4,2.558385778691311,1
898,26,4.0,7
898,15,4.0,3
898,41,4.0,8
898,21,4.0,5
898,22,4.0,2
898,10,1.762272872679329,2
899,4,1.133787154321068,4
899,25,4.0,5
899,26,4.0,4
899,8,3.9557289453190543,2
899,43,3.7348873151509148,2
899,38,4.0,5
900,23,4.0,1
900,19,2.3566853494116797,8
900,49,2.625450721350848,8
900,25,4.0,4
900,8,1.0184365049298179,8
901,10,1.582389488324266,7
901,33,2.3456322038638513,2
901,6,3.239303326182199,6
901,20,2.440097259864872,1
901,45,3.0695225071162318,5
901,28,3.9077975158771134,3
902,45,3.6643518963997237,7
902,25,4.0,4
902,18,4.0,2
902,37,2.2105455797052818,4
903,4,2.326219311934859,6
903,5,4.0,8
903,15,2.24174250038918,3
903,16,4.0,5
904,8,3.840488867486837,4
904,4,2.480025545834519,3
904,21,4.0,7
904,43,4.0,7
904,26,4.0,8
905,1,4.0,1
905,44,3.3586969247203786,7
905,9,4.0,5
905,17,4.0,4
906,3,4.0,8
906,17,4.0,7
906,43,4.0,2
906,42,3.972631893757447,7
906,30,4.0,5
907,9,4.0,6
907,2,4.0,7
907,28,4.0,2
907,27,4.0,5
907,41,4.0,4
907,22,4.0,6
908,13,4.0,8
908,27,4.0,8
908,23,4.0,8
908,26,4.0,5
908,4,2.2518230345663053,3
909,18,4.0,6
909,38,4.0,4
909,43,3.6614129894776646,6
909,28,4.0,5
909,19,4.0,8
910,49,3.661923897332044,1
910,3,4.0,7
910,4,1.013653846595546,8
910,29,4.0,4
911,32,2.236943097959297,7
911,15,4.0,1
911,25,4.0,3
911,50,4.0,1
911,20,4.0,6
911,33,4.0,3
912,47,4.0,5
912,48,4.0,2
912,36,4.0,7
912,25,4.0,8
912,33,4.0,2
913,29,2.9318580346420173,3
913,21,4.0,4
913,40,4.0,8
913,27,4.0,1
913,48,4.0,2
913,33,4.0,4
914,12,4.0,8
914,7,3.2640483728871112,4
914,48,4.0,5
914,32,2.364562404403799,1
914,47,4.0,5
914,37,2.0268291734649213,4
915,33,3.6909667287140344,5
915,50,4.0,7
915,43,3.043287370641725,7
915,32,2.855472630499042,3
916,48,4.0,2
916,50,4.0,1
916,5,4.0,6
916,43,4.0,4
916,18,4.0,2
917,22,4.0,3
917,34,4.0,3
917,39,3.759095743425687,2
917,3,3.5188882408735296,3
918,36,4.0,8
918,6,4.0,5
918,21,4.0,4
918,13,4.0,2
919,27,4.0,1
919,41,4.0,4
919,42,4.0,6
919,17,4.0,8
919,38,4.0,5
920,29,1.4371208733678213,1
920,2,4.0,5
920,41,4.0,2
920,30,4.0,2
920,36,2.4871187088711393,7
920,3,4.0,5
921,21,4.0,8
921,42,4.0,2
921,3,4.0,2
921,28,4.0,7
922,41,4.0,5
922,44,4.0,2
922,9,4.0,3
922,1,4.0,3
923,23,4.0,1
923,9,3.398086861227869,2
923,22,4.0,4
923,40,4.0,4
923,50,4.0,3
924,28,4.0,7
924,32,2.0860230679090366,6
924,3,4.0,7
924,50,4.0,7
924,41,4.0,6
924,21,4.0,7
925,21,4.0,1
925,1,4.0,7
925,36,3.510025020940316,5
925,20,2.8736505528401413,5
925,22,4.0,2
926,40,4.0,2
926,8,3.519931382159246,8
926,30,4.0,6
926,17,4.0,7
926,46,4.0,5
927,25,4.0,7
927,2,4.0,7
927,32,2.0832839745200142,6
927,38,4.0,8
928,24,4.0,7
928,2,4.0,5
928,39,3.872769561492186,7
928,14,4.0,5
929,22,4.0,7
929,30,4.0,5
929,2,4.0,8
929,37,2.7969479483520896,6
929,10,0.3736708916541047,1
930,37,2.595027064644162,6
930,25,4.0,2
930,17,4.0,5
930,9,4.0,6
930,7,4.0,2
930,35,4.0,6
931,47,4.0,5
931,11,4.0,3
931,4,2.7630644439616163,8
931,46,4.0,5
931,33,4.0,7
932,42,4.0,2
932,45,4.0,1
932,20,4.0,6
932,9,4.0,8
933,19,4.0,1
933,32,1.6806782253856158,4
933,12,4.0,4
933,35,4.0,2
933,13,4.0,7
934,11,2.674661700636147,4
934,45,1.0230336073419997,6
934,36,3.2766768871991134,1
934,1,4.0,5
935,28,4.0,2
935,44,4.0,4
935,7,2.0761150138612967,6
935,38,4.0,7
935,23,4.0,6
936,10,2.8134262646423194,2
936,27,4.0,1
936,4,1.0666113669284891,1
936,19,4.0,6
936,22,4.0,1
936,8,4.0,4
937,49,3.363711004506766,5
937,18,3.801475425224733,2
937,38,4.0,4
937,13,4.0,7
937,12,4.0,7
937,46,4.0,1
938,25,4.0,5
938,22,4.0,6
938,6,4.0,1
938,24,4.0,8
938,5,4.0,3
938,44,4.0,6
939,48,4.0,8
939,42,4.0,4
939,30,4.0,6
939,13,4.0,6
939,10,2.6312077184708724,8
939,24,4.0,2
940,45,4.0,6
940,40,4.0,5
940,50,4.0,1
940,37,2.5524224061092076,5
940,16,4.0,7
940,1,4.0,3
941,31,2.555749200956935,8
941,1,4.0,7
941,21,4.0,4
941,41,4.0,4
942,41,4.0,1
942,50,4.0,1
942,46,4.0,1
942,15,4.0,1
942,43,3.171401265194712,1
942,8,4.0,2
943,25,4.0,3
943,31,1.9443451667963974,6
943,23,4.0,8
943,33,4.0,8
943,38,4.0,4
944,35,4.0,7
944,26,4.0,3
944,22,4.0,8
944,42,4.0,4
944,21,3.344872367859192,2
944,46,4.0,1
945,41,4.0,6
945,4,0.7814010657495907,8
945,23,4.0,4
945,45,4.0,2
946,16,4.0,8
946,43,3.1217689123623744,5
946,1,4.0,1
946,19,3.737836511822525,1
946,32,3.5746696396415576,7
946,50,4.0,5
947,48,4.0,4
947,5,4.0,1
947,30,4.0,8
947,32,2.3567992665948516,5
947,38,4.0,5
947,9,4.0,8
948,35,4.0,3
948,24,4.0,1
948,22,4.0,4
948,41,4.0,3
949,2,4.0,5
949,6,4.0,8
949,31,0.9340037292936856,4
949,7,3.380985442008633,5
950,48,4.0,2
950,42,4.0,3
950,44,4.0,2
950,46,4.0,8
950,28,4.0,2
951,17,4.0,4
951,20,3.5353481367878237,2
951,30,4.0,7
951,23,4.0,3
952,20,4.0,1
952,39,4.0,4
952,22,4.0,8
952,10,1.8083167724212168,8
953,8,3.291054311683161,8
953,25,4.0,7
953,39,4.0,3
953,46,4.0,3
953,40,4.0,6
954,5,4.0,1
954,10,2.243005029356641,2
954,1,4.0,6
954,32,3.054024131683117,1
955,39,4.0,5
955,31,2.2656608050909357,4
955,26,4.0,4
955,44,4.0,2
956,28,4.0,7
956,6,4.0,4
956,32,1.9703580980165452,3
956,46,4.0,5
956,20,4.0,2
956,15,4.0,3
957,28,4.0,6
957,47,4.0,5
957,17,4.0,4
957,26,4.0,3
958,20,4.0,3
958,16,4.0,1
958,47,4.0,7
958,22,4.0,2
958,48,4.0,1
959,23,4.0,4
959,40,4.0,6
959,37,2.569168651530048,6
959,3,4.0,8
959,30,4.0,1
960,41,4.0,8
960,6,4.0,7
960,15,4.0,5
960,8,4.0,4
960,31,3.495875262452652,7
960,38,4.0,7
961,10,1.447172625707333,7
961,37,4.0,6
961,42,4.0,4
961,38,4.0,3
962,10,3.1178372367548275,8
962,9,4.0,2
962,11,4.0,4
962,5,4.0,1
963,7,2.371683491124673,6
963,12,4.0,1
963,30,4.0,7
963,20,4.0,1
963,31,1.9426418071656681,5
963,41,4.0,3
964,23,4.0,6
964,13,4.0,2
964,44,4.0,1
964,36,4.0,5
964,32,3.7859671044555463,6
964,17,4.0,2
965,20,4.0,8
965,35,4.0,5
965,38,4.0,7
965,15,4.0,2
966,15,3.6893918041141465,1
966,22,4.0,2
966,33,4.0,2
966,16,4.0,5
967,50,4.0,2
967,9,4.0,6
967,18,3.745276292709194,7
967,2,4.0,3
968,43,3.8534930321460408,4
968,41,4.0,3
968,30,4.0,2
968,15,3.0646587169120796,4
968,11,3.8043325894190376,5
968,32,1.9822041917335114,2
969,40,4.0,6
969,7,2.5021864699856136,1
969,24,4.0,1
969,19,4.0,2
969,46,4.0,7
970,21,4.0,1
970,27,4.0,6
970,15,3.9825550148104423,3
970,33,4.0,2
970,1,4.0,7
970,36,4.0,2
971,11,4.0,1
971,15,3.6721356600435313,8
971,18,2.8943342864663486,8
971,13,4.0,8
971,4,2.544993890886697,3
972,37,3.2741303523108063,5
972,30,4.0,5
972,33,4.0,2
972,35,4.0,2
972,15,4.0,3
972,22,4.0,2
973,19,3.839985769640519,1
973,2,4.0,7
973,32,2.181971831586595,2
973,44,3.159535297214558,4
974,42,4.0,7
974,28,4.0,6
974,32,2.6519080448868166,5
974,9,4.0,6
975,36,4.0,1
975,20,4.0,7
975,14,4.0,2
975,17,4.0,5
975,2,4.0,8
975,24,4.0,3
976,29,2.1133237106737672,1
976,31,2.9781434918387863,8
976,1,4.0,5
976,46,4.0,7
976,10,1.97055846596365,7
977,31,0.9998118711771175,5
977,40,3.9249263623736126,6
977,9,4.0,6
977,14,3.74358808157467,6
977,16,4.0,1
978,34,4.0,3
978,7,4.0,2
978,37,2.9701231433382134,6
978,18,3.9961901914113636,5
979,22,4.0,8
979,24,4.0,3
979,32,2.3573797345738132,6
979,38,4.0,5
980,15,3.2048639071622826,7
980,13,4.0,7
980,18,4.0,1
980,11,4.0,2
980,8,4.0,6
981,15,3.9830919369691173,2
981,45,4.0,4
981,27,4.0,7
981,33,4.0,6
981,37,3.7595333097887247,4
982,26,4.0,1
982,22,4.0,5
982,14,4.0,3
982,28,4.0,4
982,8,4.0,2
983,39,4.0,4
983,42,4.0,8
983,37,2.629200017788395,2
983,36,4.0,8
983,26,4.0,1
983,24,4.0,3
984,26,4.0,2
984,49,4.0,2
984,24,4.0,6
984,27,4.0,6
984,22,4.0,7
985,26,4.0,4
985,11,4.0,7
985,1,4.0,6
985,47,4.0,8
986,47,4.0,4
986,34,4.0,5
986,46,4.0,6
986,37,2.858508467705555,7
987,34,4.0,7
987,5,3.654688430841114,3
987,24,2.358707810276971,2
987,27,3.3615833739385197,4
987,35,4.0,4
988,6,4.0,5
988,18,4.0,4
988,7,3.435623291278112,1
988,19,4.0,3
989,46,4.0,8
989,29,2.127483588851726,1
989,15,4.0,8
989,47,3.1808339361529345,6
990,6,4.0,7
990,18,2.6523996901921802,8
990,7,2.6062111661742953,4
990,23,4.0,8
991,35,4.0,2
991,30,4.0,2
991,43,4.0,6
991,5,4.0,3
991,17,4.0,6
992,35,4.0,6
992,43,3.288937467817658,1
992,7,2.180957239971919,6
992,25,4.0,6
993,45,4.0,3
993,25,4.0,2
993,34,4.0,2
993,2,4.0,6
993,24,2.1434668389606406,5
993,37,1.3918348821795368,1
994,16,4.0,2
994,4,2.225690709589583,6
994,36,4.0,2
994,25,4.0,7
994,37,3.789032608911497,7
995,44,4.0,1
995,30,4.0,4
995,3,4.0,4
995,4,2.0475710273072356,4
996,1,4.0,8
996,26,4.0,1
996,33,4.0,5
996,38,4.0,8
997,14,4.0,4
997,49,2.6610271474094036,4
997,50,4.0,3
997,1,4.0,5
998,32,1.9276646651540787,4
998,13,4.0,3
998,40,4.0,6
998,23,4.0,4
998,28,4.0,7
998,8,4.0,7
999,25,4.0,2
999,12,4.0,3
999,6,4.0,3
999,44,4.0,1
1000,48,4.0,8
1000,49,3.8950453485755725,7
1000,31,3.8054619574397366,7
1000,42,4.0,7
1000,46,4.0,6
