student_id,gpa,study_hours,interest_area,career_goal,semester
1,3.0957726052698598,15.738419620376796,Mathematics,Entrepreneur,5
2,3.8383280381625955,16.960778170875113,Physics,Artist,7
3,2.504438366243752,18.20570709098809,Business,Software Engineer,8
4,3.2950302912104306,14.593255554522457,Psychology,Data Scientist,7
5,2.313891888042603,24.72823217110175,Business,Artist,2
6,2.536043511592536,14.55046143398973,Mathematics,Research Scientist,7
7,3.1318693164561062,16.320133058028183,Chemistry,Teacher,7
8,3.1666258006713495,24.587128314534592,Engineering,Medical Professional,6
9,3.0231331761061964,18.632079557304117,Business,Medical Professional,8
10,3.174815732689876,20.943285422608522,Biology,Entrepreneur,6
11,3.0216848577186055,20.505519027293833,Biology,Teacher,5
12,3.676975591088973,19.380097420746385,Business,Data Scientist,8
13,2.9666213925143428,16.480899935342617,Business,Software Engineer,1
14,3.1315272737270394,16.83190985609462,Arts,Teacher,8
15,3.181430671865923,17.308222713144993,Mathematics,Software Engineer,1
16,3.269379384567912,20.37936288527071,Biology,Software Engineer,7
17,2.949699872623343,15.005349557433004,Biology,Entrepreneur,8
18,2.5695656130522133,28.31429784486653,Biology,Artist,1
19,3.1165203091405385,21.330060962177352,Business,Research Scientist,6
20,3.318907717848634,21.106787283357328,Physics,Teacher,8
21,2.730464518942923,21.576925159624814,Physics,Business Analyst,6
22,4.248273392752493,17.406236042925034,Engineering,Data Scientist,3
23,2.523258441243462,29.714401023549982,Physics,Business Analyst,2
24,2.823054614818941,25.60578412987812,Psychology,Medical Professional,6
25,3.3205690290381087,13.299923019738118,Engineering,Artist,3
26,2.633431148535434,9.217666783530365,Arts,Medical Professional,3
27,3.065743080419138,15.647956558736361,Physics,Medical Professional,2
28,3.170944703992181,23.132023068203072,Psychology,Software Engineer,2
29,2.0040735603027793,17.24554334351093,Business,Entrepreneur,4
30,2.8317746693513786,20.538568853588508,Biology,Software Engineer,1
31,3.6565877611484146,29.181818462647346,Mathematics,Business Analyst,1
32,1.91865166523484,18.232373451620425,Arts,Artist,2
33,1.8332137894299556,19.095370487772314,Biology,Research Scientist,2
34,2.9698810338009887,17.873691107875445,Arts,Medical Professional,6
35,2.381874614706573,18.620115847605902,Engineering,Data Scientist,8
36,2.1569022789711116,26.077811211176485,Biology,Artist,7
37,2.7708672133898307,22.13657052080983,Business,Research Scientist,4
38,3.0187952826693287,19.54833161149023,Physics,Data Scientist,6
39,2.630649376324643,25.839989741682558,Engineering,Teacher,4
40,3.2813405868701726,16.671253364015502,Engineering,Business Analyst,6
41,3.4513302669752752,27.201726698188555,Psychology,Business Analyst,1
42,2.164067775287741,23.84844710770015,Engineering,Data Scientist,5
43,2.8938390683543798,28.60263299861106,Business,Research Scientist,5
44,3.450631517656867,19.41217925773943,Mathematics,Research Scientist,6
45,3.436676849438554,13.107588205783447,Arts,Data Scientist,7
46,3.2377645705910956,13.443420732700533,Psychology,Research Scientist,6
47,3.106839613585541,30.733146346673124,Business,Data Scientist,7
48,3.6093076715495527,15.777106584915206,Biology,Medical Professional,1
49,3.1292733174401484,18.01602738521045,Biology,Medical Professional,5
50,4.078957700719928,22.936397130206522,Chemistry,Teacher,4
51,2.900367999844167,25.21225013396286,Business,Data Scientist,4
52,3.4184306514234413,17.75956934697514,Psychology,Medical Professional,7
53,2.947911096970741,14.880611387576945,Arts,Teacher,3
54,2.579118785863165,19.98368216554286,Computer Science,Medical Professional,2
55,2.386878530017279,20.880976484493363,Chemistry,Data Scientist,3
56,3.2440466452265064,11.79288485024136,Psychology,Teacher,8
57,2.3695460340793364,14.928100206884977,Biology,Entrepreneur,1
58,2.651789344491788,28.841018193775646,Biology,Entrepreneur,1
59,3.238198767110878,21.00186389482274,Arts,Teacher,2
60,3.4567840993093113,14.149600770346254,Arts,Data Scientist,1
61,3.13204722147601,19.593797213305635,Business,Business Analyst,1
62,2.764591609127495,9.939880730941253,Engineering,Artist,4
63,3.3142417262437105,15.713397199758859,Mathematics,Medical Professional,2
64,2.9677188298074597,24.610045008969557,Mathematics,Software Engineer,8
65,3.092150697529649,19.964772167846693,Engineering,Teacher,5
66,2.838168010541333,25.237280499338894,Biology,Artist,1
67,3.0613112577946473,21.05431135812347,Biology,Entrepreneur,1
68,3.1563122330961164,18.748629924727197,Computer Science,Teacher,8
69,3.2952810922971145,16.264970458142837,Arts,Teacher,2
70,3.0206292175320866,27.023130588238125,Engineering,Artist,5
71,2.805225861908785,15.079366490668514,Psychology,Artist,3
72,3.1827242639409525,26.99014486446312,Chemistry,Software Engineer,8
73,3.0108887234138426,17.893407079401197,Computer Science,Data Scientist,7
74,3.2590951137065285,11.956072731421699,Engineering,Artist,2
75,3.083928435842627,18.988750301021653,Computer Science,Entrepreneur,6
76,2.570336793265047,24.058010758632157,Chemistry,Software Engineer,4
77,3.3697688661540375,17.1311180165803,Business,Teacher,3
78,2.9863297192251608,19.77088970574044,Mathematics,Software Engineer,2
79,3.1946957901518735,24.64406231105131,Biology,Software Engineer,2
80,3.6516202750976943,18.149274197128346,Arts,Medical Professional,4
81,3.0262882854770767,16.941915417207458,Mathematics,Entrepreneur,8
82,3.5003338597845683,24.307493808618023,Mathematics,Artist,1
83,3.7223182080800012,19.46901058893936,Engineering,Medical Professional,7
84,3.1217452078514425,21.529211026321413,Engineering,Entrepreneur,8
85,3.2355195276761703,17.951562848591966,Physics,Business Analyst,3
86,1.9020742674294886,21.424569720138102,Business,Teacher,1
87,3.1689948403307815,18.97253222125829,Physics,Data Scientist,4
88,3.1785747975852243,31.555031586822857,Arts,Artist,2
89,3.160077440879534,26.39754109151779,Physics,Teacher,5
90,3.788462160263406,7.975087266821394,Physics,Artist,3
91,2.3270805165711512,22.143333766462142,Engineering,Business Analyst,7
92,3.2617322897685934,25.733107553286672,Engineering,Entrepreneur,2
93,2.841477411422827,12.14192452922693,Physics,Teacher,2
94,3.6732749646758522,20.890755536804374,Business,Research Scientist,5
95,2.8099142996112665,17.062204012533883,Mathematics,Medical Professional,3
96,2.996992665133419,24.50970435561328,Chemistry,Medical Professional,6
97,2.9047593312858755,18.762680334975197,Chemistry,Software Engineer,2
98,3.1544028497691534,16.196006576532884,Business,Medical Professional,8
99,3.18885328682492,17.817878746927445,Computer Science,Entrepreneur,8
100,2.725044713427356,18.163138639243535,Psychology,Medical Professional,5
101,3.88360085730632,29.390463880813876,Arts,Entrepreneur,1
102,1.99199301048387,15.776136634986921,Chemistry,Software Engineer,8
103,3.009155889570678,14.411303359389183,Biology,Teacher,6
104,3.7353489582814863,7.899879814799732,Physics,Teacher,7
105,2.794942204513966,23.294004708566018,Chemistry,Artist,5
106,2.3892037652746554,30.177211090626223,Psychology,Medical Professional,2
107,3.307791494315666,23.471847152113366,Physics,Data Scientist,5
108,3.0871678937651663,24.423075327483694,Business,Data Scientist,5
109,3.1480182859588295,21.602235664568276,Mathematics,Software Engineer,7
110,2.4031122588556015,17.61915449881076,Psychology,Artist,5
111,1.9321044334902155,17.453254917626012,Business,Research Scientist,4
112,2.6734741598519993,19.825832822123896,Chemistry,Teacher,1
113,2.503753269165796,14.998177360809397,Arts,Research Scientist,8
114,3.3530283505782466,18.22888479450822,Mathematics,Medical Professional,7
115,2.9265503097753864,28.944995030906547,Engineering,Entrepreneur,6
116,3.2567069304788507,22.065138429796217,Arts,Entrepreneur,7
117,2.6433274565598754,29.496619610837175,Psychology,Teacher,3
118,3.589300535785219,18.074167978823798,Mathematics,Entrepreneur,5
119,3.808519083829148,16.74197228476267,Mathematics,Software Engineer,3
120,3.264663310583226,11.647356414864573,Business,Medical Professional,7
121,3.3247667133749297,18.461707208640014,Computer Science,Teacher,2
122,3.4215962726737703,25.98246529341524,Psychology,Business Analyst,6
123,2.9532406827394397,20.186553248016303,Chemistry,Data Scientist,4
124,2.282537751858343,17.458493464507242,Computer Science,Business Analyst,6
125,3.3353781063464982,22.030931087282774,Biology,Teacher,2
126,3.4585210248971543,17.74379782831825,Chemistry,Data Scientist,6
127,2.6299346382282534,25.28439234111596,Computer Science,Business Analyst,2
128,3.235880933274116,20.469854472661034,Psychology,Entrepreneur,4
129,3.237502089790546,27.917183103377425,Biology,Medical Professional,3
130,2.6359499791086525,11.055070318337854,Arts,Software Engineer,1
131,3.8352910026908504,14.223848387176139,Psychology,Medical Professional,7
132,2.3657373508961994,16.536025263050785,Psychology,Artist,4
133,2.7910697810166383,25.93169921467092,Business,Software Engineer,6
134,3.126520308233328,30.603343895495257,Arts,Research Scientist,8
135,1.991612320029113,24.92365429382131,Engineering,Teacher,8
136,2.7431461811920315,22.851683256003298,Physics,Teacher,8
137,3.515463591416884,12.99892116949238,Business,Teacher,6
138,4.3726817006037635,14.160908899342331,Business,Entrepreneur,8
139,3.2229620890970163,19.18031656260234,Arts,Business Analyst,3
140,3.2494810599978763,7.094786860220886,Business,Data Scientist,3
141,3.384925086199069,22.02104853110945,Computer Science,Research Scientist,7
142,3.2566018749019516,16.945417171528142,Biology,Software Engineer,2
143,3.0306675451573,19.15070199578703,Mathematics,Business Analyst,2
144,2.776902867626447,20.994370383657852,Engineering,Data Scientist,7
145,2.3617721679406642,18.63650081844139,Psychology,Artist,2
146,3.367968603967348,16.89292870472803,Business,Research Scientist,6
147,3.7383643743531776,15.537317636790757,Biology,Business Analyst,1
148,2.9938417626990246,24.84895396171474,Engineering,Software Engineer,7
149,2.8281191539857318,10.896093468098341,Psychology,Artist,3
150,3.1225666176297167,24.094497027585515,Psychology,Research Scientist,5
151,3.0139970741168827,24.65071476996199,Physics,Data Scientist,1
152,3.1047255688371136,26.96738671793769,Chemistry,Medical Professional,8
153,3.623370202282222,26.989861951338337,Arts,Artist,2
154,3.2582134943798633,17.98726328806202,Engineering,Data Scientist,8
155,1.7947916091805587,20.341683830510544,Engineering,Teacher,3
156,3.101680733224365,21.692662158400598,Arts,Entrepreneur,8
157,2.3331625074672777,12.257097037146169,Engineering,Data Scientist,8
158,2.9164737433820904,28.452126087488026,Physics,Research Scientist,3
159,3.0858393244136972,25.299870468167303,Engineering,Software Engineer,1
160,2.380189525353539,17.966313008169124,Mathematics,Software Engineer,4
161,2.509370267669319,24.246896167052782,Mathematics,Medical Professional,1
162,2.331214609258392,19.999557296977894,Business,Research Scientist,3
163,3.277310929398545,15.352214748780716,Mathematics,Entrepreneur,5
164,3.183725599796444,20.255305129604736,Business,Medical Professional,7
165,3.4398557212970444,14.387624031685903,Computer Science,Business Analyst,3
166,3.5459808738536287,22.520918207455438,Biology,Business Analyst,5
167,3.2330590149060234,21.941407901238048,Engineering,Research Scientist,1
168,2.9512227009128167,20.932825728314143,Engineering,Medical Professional,8
169,2.6728888517991085,18.333782437543164,Engineering,Teacher,5
170,2.5752547682349323,19.585185569926125,Business,Teacher,7
171,2.548922742793143,11.564956968236874,Chemistry,Data Scientist,3
172,3.3161895981728304,17.396206965531228,Biology,Software Engineer,3
173,3.9261162410565316,22.509615721593285,Engineering,Business Analyst,2
174,2.5203662106323006,20.409517585987782,Biology,Business Analyst,1
175,3.135643480767924,21.667869136848914,Computer Science,Research Scientist,3
176,3.2814156319747925,21.821309402015597,Engineering,Software Engineer,2
177,2.751112248355157,16.243128701459135,Chemistry,Medical Professional,6
178,2.2460305604603352,16.197239665860906,Computer Science,Entrepreneur,2
179,2.632197316651337,24.16051137643793,Chemistry,Teacher,6
180,2.7589370229449943,24.49264149653268,Business,Data Scientist,5
181,3.1198944678256324,21.101230666970945,Mathematics,Teacher,4
182,2.067438379416107,12.211116115532544,Business,Artist,1
183,2.2479230967515123,30.099041862141277,Computer Science,Business Analyst,6
184,2.99922033390274,15.65491288830433,Computer Science,Artist,4
185,1.899384582251635,23.94996758987425,Engineering,Data Scientist,2
186,3.513200025701244,16.005354461592262,Engineering,Entrepreneur,2
187,3.751713498994748,28.12733482149953,Biology,Artist,5
188,3.1474462132034082,29.95149723642394,Biology,Business Analyst,1
189,3.220105911654737,14.989536479452429,Chemistry,Software Engineer,4
190,2.7998539164908767,19.48420643373345,Business,Medical Professional,8
191,1.9479099299575415,9.716694726046718,Mathematics,Data Scientist,8
192,4.641087088251049,14.07111677559917,Psychology,Artist,4
193,3.0914257218988737,26.958733607654864,Arts,Medical Professional,4
194,2.8727802433573095,20.237715132652443,Computer Science,Research Scientist,8
195,3.000833577465767,23.345923404003337,Business,Teacher,8
196,2.3225595780907535,19.13940270910728,Business,Medical Professional,2
197,2.295159808120015,23.5562854805733,Mathematics,Teacher,6
198,2.8860877648620606,19.067833790369665,Arts,Data Scientist,4
199,3.25597579114735,19.02817124891061,Arts,Business Analyst,6
200,1.966978190248015,13.785114889625483,Biology,Teacher,5
201,2.6406766427936987,24.04691847240074,Psychology,Entrepreneur,2
202,3.8386689058721166,21.740344454420963,Arts,Artist,2
203,3.52955709194724,20.144921538030903,Engineering,Teacher,2
204,3.8989603840712648,16.53368140657925,Business,Artist,8
205,2.5083311046127967,27.28640688122927,Arts,Software Engineer,4
206,3.193174116443293,25.651446024857748,Mathematics,Business Analyst,2
207,3.631049365502436,22.15880407571395,Business,Business Analyst,4
208,3.3651251199790457,17.879295043444312,Chemistry,Software Engineer,5
209,2.3316511365773023,8.049262980576472,Engineering,Software Engineer,8
210,3.32579823484983,15.807328081581213,Engineering,Data Scientist,6
211,2.7686600598292017,8.101183563614105,Psychology,Teacher,1
212,3.5694760364296556,14.55570959846899,Engineering,Research Scientist,7
213,3.0421097811825994,17.50343338643817,Business,Artist,1
214,2.913372144795673,22.23883670892916,Psychology,Data Scientist,7
215,3.2516567667783693,15.510391450160276,Arts,Entrepreneur,3
216,2.8601751089202314,20.781372710890935,Computer Science,Business Analyst,5
217,3.357032581914714,15.345541754138374,Chemistry,Research Scientist,7
218,2.757670718446255,19.977537638112317,Chemistry,Artist,5
219,2.993624387315551,25.5334653255937,Biology,Medical Professional,6
220,3.24464542891507,15.678707703390101,Engineering,Software Engineer,3
221,3.1695323553807504,24.801753898239397,Physics,Teacher,2
222,3.0604124290897117,28.691067565165753,Computer Science,Medical Professional,3
223,3.6029343770030873,20.15027515534867,Arts,Software Engineer,8
224,4.423395392022301,22.063070325813246,Engineering,Teacher,1
225,3.191542905251697,10.828136326827423,Psychology,Software Engineer,3
226,3.227338945227393,20.34950332224043,Mathematics,Business Analyst,2
227,3.145577436040892,20.73904369602776,Arts,Entrepreneur,7
228,1.9527581250892097,14.404295656236972,Biology,Software Engineer,8
229,2.9755682448929126,22.10092346587668,Business,Research Scientist,8
230,2.1322938448743356,18.935182492818278,Engineering,Teacher,4
231,3.012734667340767,19.274990708463022,Psychology,Artist,7
232,3.9796472944736654,25.72705130679061,Physics,Software Engineer,4
233,2.81432617451438,19.533497156150805,Chemistry,Artist,6
234,3.2923908923566905,15.486261178774573,Biology,Artist,7
235,2.4407346857907175,17.27979710734824,Physics,Teacher,5
236,2.595103931991916,14.040445249466972,Physics,Teacher,7
237,3.711147675183343,11.240453661558185,Chemistry,Business Analyst,5
238,3.4117604508499784,21.58139685687778,Engineering,Artist,8
239,2.9776222183578622,12.3263523577537,Business,Research Scientist,8
240,2.1272579724441,17.975756477623616,Chemistry,Software Engineer,5
241,3.094725235526109,16.97761236964382,Business,Artist,4
242,3.039609770807478,16.12321868877154,Physics,Data Scientist,5
243,2.669901922061763,22.399734040804073,Computer Science,Teacher,6
244,2.9361210676511664,18.146578540435673,Chemistry,Software Engineer,2
245,2.99835465703175,27.608742876041035,Computer Science,Research Scientist,5
246,3.524304201797272,23.071373867723594,Engineering,Entrepreneur,4
247,2.737496888838906,17.3861533587289,Business,Data Scientist,8
248,3.425682469769377,19.491161644252262,Engineering,Teacher,1
249,2.877877168637921,22.69262206862387,Chemistry,Business Analyst,7
250,3.237147082245293,18.26859769160357,Psychology,Artist,6
251,2.7242160692439765,32.52362545411003,Psychology,Medical Professional,2
252,2.9074233278524364,23.174976777606133,Psychology,Entrepreneur,1
253,3.197173546551406,21.416540951105457,Business,Medical Professional,8
254,2.6598205193426026,20.11061520628078,Business,Data Scientist,1
255,3.5057432931196417,14.199244852013475,Business,Research Scientist,3
256,2.2701335852289377,26.81373975740828,Biology,Entrepreneur,7
257,3.326687481719483,20.598812881090623,Mathematics,Software Engineer,1
258,3.6333452488272124,14.444324464570348,Biology,Medical Professional,4
259,3.4510228194031383,13.824989858275186,Physics,Data Scientist,7
260,3.1331098469105156,15.661926819440765,Mathematics,Research Scientist,6
261,3.3021329914615363,22.687037175410037,Computer Science,Entrepreneur,6
262,3.264536721388061,21.755479627290732,Psychology,Business Analyst,4
263,3.022569238127962,24.394882510638368,Arts,Data Scientist,4
264,2.5867912427515463,21.56467825127331,Physics,Teacher,7
265,2.3662301516923194,15.038159890465362,Physics,Artist,3
266,1.9622350403008668,23.024136426679338,Arts,Medical Professional,1
267,2.3372598744080104,16.465782269328358,Business,Entrepreneur,6
268,3.7358112447241143,22.822544469461572,Arts,Business Analyst,7
269,2.907225613158275,15.147082002125883,Mathematics,Entrepreneur,1
270,2.712392111579596,22.16755838455416,Arts,Teacher,1
271,3.3385978145635944,20.432321579456346,Psychology,Data Scientist,8
272,2.4763212319514256,20.148902640845876,Physics,Research Scientist,4
273,2.5778872431052777,22.229312267415036,Business,Artist,3
274,3.4250586368563583,25.291110980987618,Psychology,Teacher,5
275,2.1420053449368575,18.50074870985384,Biology,Artist,3
276,2.3552237766207043,19.157927069719868,Biology,Teacher,2
277,2.6234438360379806,16.30802457060325,Business,Business Analyst,5
278,3.3987513931747797,19.557122586583727,Computer Science,Data Scientist,7
279,2.5516608338078313,23.078174503761453,Computer Science,Entrepreneur,8
280,3.1160854604555803,13.335186138925206,Computer Science,Software Engineer,7
281,2.5279291557054018,25.489858458800093,Physics,Entrepreneur,5
282,2.8220930790779555,18.633508227034046,Engineering,Business Analyst,4
283,3.049026966591592,19.23511070721541,Psychology,Artist,6
284,2.8132127635214585,21.04564872556573,Biology,Data Scientist,3
285,1.9571673501628095,16.007809141968593,Physics,Artist,5
286,3.255915609906117,16.635596949274642,Business,Entrepreneur,4
287,2.728405496852923,21.51414267200997,Business,Medical Professional,3
288,3.3046452187505126,25.034827857827498,Biology,Software Engineer,6
289,1.921595804919504,15.266121367740702,Engineering,Software Engineer,3
290,3.2832075597205823,17.402845497654965,Chemistry,Software Engineer,4
291,4.053333071230339,23.682673274321452,Biology,Medical Professional,4
292,4.166253741502952,31.127678288945056,Biology,Entrepreneur,6
293,3.710103558015941,26.161121624405638,Psychology,Software Engineer,3
294,3.0749631523825784,19.271262450284002,Biology,Entrepreneur,4
295,2.3464333125787324,16.241298015547073,Psychology,Research Scientist,8
296,3.0429659855461355,23.7611631121567,Mathematics,Business Analyst,2
297,2.6263658753056567,27.441258481691477,Psychology,Business Analyst,5
298,3.225048188842297,21.05528996452703,Biology,Business Analyst,2
299,2.666040820963085,17.363852893862934,Psychology,Software Engineer,1
300,2.966007069328684,12.577824562061755,Engineering,Artist,3
301,3.0590901070398475,16.52641168732686,Computer Science,Data Scientist,4
302,3.115596852616936,21.02766681208748,Computer Science,Artist,7
303,3.9586074121239285,13.258306391527016,Engineering,Software Engineer,1
304,3.3600485797345745,16.21008010832725,Engineering,Business Analyst,3
305,2.9956803757124493,22.833039036608653,Mathematics,Software Engineer,5
306,3.948843830249684,15.821497785625116,Business,Artist,5
307,2.486356628222682,18.289736450282543,Biology,Research Scientist,2
308,2.4092612007569234,21.616524991160386,Biology,Medical Professional,3
309,1.6453173358707738,18.112744449746906,Biology,Medical Professional,4
310,2.95941590168245,24.86963628754569,Biology,Entrepreneur,1
311,2.5270092639571975,12.511265510250343,Computer Science,Medical Professional,8
312,2.773691708978148,29.494340031833417,Physics,Research Scientist,7
313,2.902322812230369,26.940183512995567,Arts,Entrepreneur,2
314,4.44719318052977,24.830783614898067,Mathematics,Data Scientist,5
315,3.02253164205685,30.90160589897514,Mathematics,Business Analyst,6
316,2.521780736065849,20.492871925466318,Psychology,Entrepreneur,5
317,3.3633420845217863,10.931391347787194,Psychology,Artist,4
318,2.370531849155748,22.757885327065203,Chemistry,Artist,5
319,3.2222322265257564,18.41563207405656,Arts,Teacher,7
320,2.614648581620233,15.036003623013798,Biology,Artist,1
321,3.3982470585673923,22.467611043190875,Physics,Data Scientist,7
322,2.7197741964325917,16.67078611453046,Physics,Business Analyst,1
323,4.046013262615521,27.283382937345092,Engineering,Entrepreneur,2
324,2.212076761017613,17.238952880997388,Chemistry,Artist,6
325,3.473799747446726,16.111391483383695,Computer Science,Business Analyst,6
326,2.806439073126203,23.64746685975527,Psychology,Medical Professional,3
327,1.9447181786436727,16.65504094830753,Physics,Entrepreneur,1
328,3.193959942657175,17.8796049163663,Computer Science,Artist,7
329,3.71691874672776,18.377689053823232,Arts,Artist,4
330,2.6869662137418397,15.372707721695468,Arts,Software Engineer,3
331,2.959961586255255,24.955420875607444,Engineering,Artist,3
332,3.44685381988919,26.375637293471463,Psychology,Medical Professional,7
333,3.526691639607476,18.345442520422722,Business,Business Analyst,2
334,2.497253683781365,27.222276897420766,Engineering,Business Analyst,4
335,2.5602274844911044,18.59451227373194,Arts,Artist,6
336,1.9431133253558002,27.58816749957741,Chemistry,Software Engineer,7
337,2.5213407620442214,17.12154282007597,Arts,Business Analyst,5
338,3.18969755712381,24.438137351241615,Mathematics,Data Scientist,3
339,2.3670443861266985,12.931203130107079,Chemistry,Data Scientist,6
340,3.4316117857454262,22.066375613390523,Computer Science,Business Analyst,3
341,4.115457297126115,21.533362945875172,Mathematics,Artist,3
342,3.5086354964049553,22.66086322756101,Engineering,Medical Professional,8
343,2.9548386029569245,22.700278859510924,Computer Science,Medical Professional,3
344,2.2616635821423374,24.423234701460757,Chemistry,Business Analyst,1
345,3.474641495079674,24.079346685741292,Psychology,Teacher,2
346,2.9999806345651754,28.43734611328263,Chemistry,Software Engineer,3
347,2.797969822839131,28.110460290425102,Psychology,Software Engineer,1
348,2.9488012686946607,10.986243064662327,Engineering,Business Analyst,5
349,2.947178970680993,16.617187692488333,Engineering,Artist,8
350,3.130244388656644,16.504548508464033,Psychology,Software Engineer,8
351,2.6513555034163447,21.963684666343354,Psychology,Artist,5
352,3.33622870797703,21.495839736160956,Engineering,Data Scientist,1
353,2.6244743676211866,16.15423167869404,Engineering,Data Scientist,7
354,2.8164334698341342,22.165643960752025,Computer Science,Research Scientist,3
355,2.3996627488302806,17.285285613249904,Mathematics,Artist,8
356,3.3925586363452633,27.022996173228393,Arts,Entrepreneur,2
357,2.9243489697722644,19.175532152367776,Biology,Research Scientist,6
358,3.4712390793417343,28.4580395524298,Chemistry,Data Scientist,8
359,3.110298363930812,29.4804096702184,Physics,Artist,7
360,2.6263804868349103,20.069935512723053,Physics,Teacher,6
361,4.217724939567803,19.470793291207283,Physics,Software Engineer,8
362,2.408699799970324,21.865959580660995,Physics,Data Scientist,5
363,2.99679290598981,18.51255254709268,Psychology,Entrepreneur,4
364,2.707726175058801,21.98540542400351,Business,Data Scientist,6
365,3.7051010643595843,28.897482519243386,Computer Science,Teacher,6
366,3.9235323598287506,26.339142806582228,Physics,Business Analyst,7
367,3.66923760931546,28.566821585954045,Physics,Teacher,6
368,3.2054944473434688,26.08295363730051,Computer Science,Data Scientist,3
369,3.261804523182523,23.26339551544665,Physics,Data Scientist,6
370,2.884502106928094,16.02412584297042,Physics,Entrepreneur,2
371,2.964830192330764,10.44059720961215,Physics,Medical Professional,6
372,2.62516415427862,24.491679377719578,Psychology,Research Scientist,7
373,3.23209609700508,23.536710933062643,Computer Science,Software Engineer,4
374,2.905762489855077,13.09227988406348,Chemistry,Artist,5
375,2.7161807723743365,22.496095684301814,Physics,Research Scientist,6
376,3.4912770183496664,26.456165460178305,Engineering,Teacher,2
377,2.924929460520061,27.34306410124571,Computer Science,Medical Professional,8
378,2.208963573361454,23.6245004649843,Business,Business Analyst,5
379,3.5747877707425038,37.55549009322725,Physics,Teacher,3
380,3.1433773404683074,14.541683891378957,Engineering,Software Engineer,7
381,3.9624356686442717,25.489592634805348,Mathematics,Entrepreneur,6
382,3.359356536433335,19.60019703627782,Biology,Medical Professional,1
383,2.768171051566434,19.386714982199198,Computer Science,Data Scientist,6
384,3.4138895660637307,22.38375238283925,Computer Science,Teacher,8
385,3.1599848282200775,30.32602846388995,Psychology,Software Engineer,7
386,3.119489171395717,15.526742853051962,Engineering,Teacher,4
387,2.673852288571119,11.032666854955174,Engineering,Research Scientist,1
388,2.5510012894693284,24.989105277981842,Computer Science,Research Scientist,2
389,2.6658696054896533,24.770934863708533,Physics,Teacher,2
390,3.538347636697483,23.495288507046993,Psychology,Teacher,6
391,3.0941549520197262,27.757696071643856,Arts,Software Engineer,1
392,2.784430857061881,7.588672677589685,Biology,Data Scientist,6
393,3.3582148361396595,15.552237179081612,Biology,Entrepreneur,8
394,2.973952979378113,23.90317795091108,Computer Science,Entrepreneur,4
395,2.7397251779054796,20.39008885852033,Arts,Data Scientist,4
396,3.383702015105227,29.830908568203668,Biology,Medical Professional,1
397,3.4510508195465284,16.607689103391483,Biology,Artist,1
398,2.627134672858213,26.139951575086833,Chemistry,Entrepreneur,2
399,3.6002371348060325,21.403919600029557,Chemistry,Software Engineer,1
400,3.6457129490510587,25.276412511564814,Mathematics,Data Scientist,4
401,1.8940790928047408,15.231404132229976,Engineering,Business Analyst,7
402,3.7697140159752456,24.27055846117267,Engineering,Data Scientist,7
403,3.8748321734159163,18.663268343767427,Physics,Research Scientist,4
404,3.1269064263147057,21.189693652222317,Arts,Teacher,1
405,3.171651531914298,18.202206149577314,Engineering,Research Scientist,8
406,3.309658504557801,24.702583788498437,Physics,Data Scientist,3
407,3.2622886521665073,20.18263123043861,Psychology,Business Analyst,8
408,2.869769143968322,22.79449864240364,Computer Science,Software Engineer,1
409,2.328932816502836,14.715811193856391,Mathematics,Teacher,6
410,2.0591566358795315,32.79193073571054,Arts,Medical Professional,1
411,2.5249037124198033,20.999152513952055,Chemistry,Software Engineer,7
412,3.6160562753043557,23.870364095276525,Physics,Business Analyst,8
413,3.8001246122551717,26.54144644420409,Arts,Business Analyst,5
414,2.8247821690291115,22.936251722455232,Psychology,Data Scientist,2
415,3.3941171184380683,15.319723760373332,Biology,Entrepreneur,6
416,2.2921717448892114,17.951517860058072,Computer Science,Data Scientist,5
417,3.2263451384087865,8.023707509642508,Engineering,Teacher,8
418,3.2112892674532603,12.232504023121017,Psychology,Research Scientist,6
419,3.14265640551821,24.343323586486406,Biology,Data Scientist,2
420,3.067699223459571,17.630150504217454,Mathematics,Business Analyst,1
421,2.8587316811258106,15.407716282642998,Mathematics,Medical Professional,7
422,3.4124441922873663,20.09199160516205,Biology,Artist,7
423,2.760666865815043,18.32209864849176,Computer Science,Artist,8
424,2.502463567194283,16.78333330393686,Engineering,Software Engineer,2
425,3.128127184884186,21.8794564628733,Mathematics,Medical Professional,1
426,2.2632920936127254,14.693333363163578,Engineering,Artist,8
427,2.9485854541937333,26.633591166217023,Biology,Teacher,3
428,2.787226363979644,14.882936142843754,Physics,Teacher,8
429,2.5243454363976032,13.480827469197418,Arts,Entrepreneur,8
430,3.776810569522241,18.22421546567788,Business,Entrepreneur,2
431,3.068806825549105,13.593346561805328,Engineering,Artist,1
432,4.667172251259522,25.359861185420097,Biology,Research Scientist,1
433,2.901148232150651,17.583703044388702,Biology,Business Analyst,1
434,3.099543510554012,22.3560742163538,Psychology,Research Scientist,4
435,2.461920091368251,21.512825351952426,Arts,Software Engineer,4
436,3.1519679477879867,25.94553702965002,Chemistry,Research Scientist,4
437,3.305107754043385,15.283990166182136,Mathematics,Entrepreneur,7
438,4.404781815365851,14.465429806270148,Mathematics,Medical Professional,1
439,3.3633132198226146,20.654415419926227,Business,Medical Professional,8
440,3.269043723398986,18.212693825740864,Computer Science,Research Scientist,2
441,2.7368091867686593,28.41378539767534,Physics,Software Engineer,1
442,2.696685595579515,15.70939443064331,Business,Business Analyst,2
443,3.0853458526993967,15.331470937547042,Arts,Data Scientist,6
444,3.3575877702155763,22.001317224453118,Chemistry,Research Scientist,2
445,2.2869051468982633,14.955338440256595,Psychology,Research Scientist,4
446,2.5633902463407816,15.490626455028767,Arts,Research Scientist,8
447,3.7496729745185853,23.455571109950775,Chemistry,Business Analyst,8
448,3.254377979327502,24.950626870179164,Biology,Software Engineer,1
449,2.9107574337872095,25.045631061561693,Biology,Research Scientist,4
450,2.4369384049860763,23.7413900716768,Computer Science,Business Analyst,6
451,2.358238592434176,20.129895099833274,Mathematics,Software Engineer,7
452,3.0224642257248346,16.28713204938542,Arts,Teacher,2
453,2.7043434045231685,19.969966609759688,Mathematics,Entrepreneur,3
454,3.261828792759654,18.372828901118474,Computer Science,Artist,2
455,2.608796093500982,17.246054655690116,Computer Science,Business Analyst,2
456,3.0295820420539514,11.485330870432739,Computer Science,Software Engineer,6
457,2.8128236771725272,15.664238866417886,Chemistry,Entrepreneur,3
458,2.6517924095643925,10.794752417888482,Arts,Software Engineer,5
459,2.7644158406050527,14.872325455444937,Biology,Research Scientist,8
460,2.243054551838571,19.978199824347406,Mathematics,Data Scientist,5
461,3.131006342315681,27.5907892667317,Biology,Artist,4
462,2.6617619371634036,19.970108041265036,Arts,Medical Professional,2
463,3.2912674084144644,23.51011755434908,Mathematics,Business Analyst,8
464,2.8307955079840843,15.095238507978294,Computer Science,Teacher,5
465,2.4429172435358604,26.95666897130039,Biology,Entrepreneur,8
466,1.9819174681472584,7.73124477383103,Business,Medical Professional,2
467,3.168473965417361,25.492339236753697,Arts,Medical Professional,6
468,3.0410299162485623,22.0527502294867,Computer Science,Research Scientist,5
469,2.4024748292988978,19.522407219565146,Psychology,Research Scientist,7
470,3.0039603358891735,23.001908362802244,Psychology,Artist,8
471,2.7848215777817513,22.144409475722235,Psychology,Business Analyst,5
472,3.2917403748903302,24.51984078324692,Chemistry,Research Scientist,6
473,2.9909625424064017,24.416208012242343,Chemistry,Business Analyst,4
474,3.5056631672519325,15.054915685708732,Biology,Business Analyst,3
475,3.011033552819856,13.754274132434174,Engineering,Business Analyst,2
476,3.3560952023002746,15.96064385636408,Computer Science,Software Engineer,5
477,3.182260347529625,23.990516581741815,Psychology,Business Analyst,6
478,3.7141399437134472,25.264835360143977,Mathematics,Medical Professional,2
479,2.887144756165548,30.804732377242885,Arts,Data Scientist,6
480,2.829900434348666,21.325007690170345,Biology,Artist,1
481,3.4925036727078935,19.382029776272876,Chemistry,Teacher,8
482,3.106027431078065,15.998503846505852,Physics,Business Analyst,1
483,3.1973145388491453,31.59780368292311,Computer Science,Business Analyst,6
484,2.964373258000745,23.879975641858632,Arts,Business Analyst,3
485,3.3521420909550974,16.34065957209186,Physics,Medical Professional,3
486,3.2759580470527725,14.667590964358705,Arts,Artist,4
487,2.2694635352929953,20.32492923678659,Computer Science,Teacher,7
488,3.304003438544515,19.04372564473393,Biology,Software Engineer,5
489,2.363376324696419,27.665794804249,Mathematics,Medical Professional,4
490,3.2800054484617833,18.058953166359498,Biology,Business Analyst,5
491,2.261920707256602,22.489346735035763,Computer Science,Business Analyst,7
492,2.9187133380856753,29.66955090453785,Engineering,Data Scientist,1
493,2.6016521657671268,20.684010869106732,Arts,Artist,4
494,2.954494875946244,16.457243081092365,Engineering,Medical Professional,4
495,2.872922806484207,21.51934257006361,Mathematics,Data Scientist,5
496,3.890339921394237,18.793795476550176,Psychology,Data Scientist,8
497,3.0857381193499727,24.082945837703768,Mathematics,Data Scientist,2
498,3.0346695586129546,8.635679150178495,Psychology,Business Analyst,3
499,3.5526440474417615,16.517475302635212,Arts,Data Scientist,8
500,2.625324974325559,21.61582094523099,Biology,Data Scientist,2
501,3.2593518202014207,14.686915723366074,Psychology,Software Engineer,8
502,2.5884479147731407,24.453074700851367,Engineering,Artist,6
503,1.9807287026044054,13.766355636226713,Psychology,Artist,8
504,3.434466599821967,19.580507068463366,Computer Science,Business Analyst,5
505,2.476205171627001,22.421980353196698,Biology,Entrepreneur,1
506,3.20995654162639,18.906144026024354,Engineering,Medical Professional,7
507,3.1348925834842984,18.189778461808572,Business,Medical Professional,1
508,3.1092848254916983,29.575640161270975,Psychology,Software Engineer,1
509,2.52922842023394,17.33325534949835,Biology,Medical Professional,2
510,3.262596481950794,25.10133490480377,Psychology,Research Scientist,2
511,2.73087287708483,25.44586083713426,Chemistry,Business Analyst,8
512,3.598490887454239,14.396759215590526,Physics,Business Analyst,2
513,3.1813601771796143,23.539772408379168,Business,Research Scientist,8
514,3.921734268358549,18.14339306184678,Biology,Teacher,6
515,3.8898947776201753,15.18178180676263,Computer Science,Entrepreneur,6
516,3.008971657663522,16.668704544935217,Arts,Artist,7
517,3.054766008922609,10.796460693477922,Business,Artist,8
518,2.7257493063051736,17.64576650303019,Engineering,Software Engineer,2
519,2.692009926575517,9.171012716349903,Engineering,Teacher,8
520,3.671169171269194,18.39544210055917,Business,Artist,1
521,3.0788404797862525,19.044102821679314,Computer Science,Teacher,5
522,2.750925089655785,26.791154453205827,Physics,Software Engineer,7
523,2.815248072946995,31.096919535932685,Mathematics,Software Engineer,2
524,2.6983844405742095,22.735205440071265,Psychology,Teacher,1
525,2.8171319790956164,16.494994552474566,Biology,Medical Professional,5
526,4.0788827629859785,20.982280137673122,Computer Science,Data Scientist,6
527,3.296736080326158,23.109723436284433,Computer Science,Medical Professional,1
528,2.2098802400018767,29.3845361613812,Engineering,Business Analyst,1
529,3.2094638089247134,20.209554958524492,Chemistry,Software Engineer,2
530,1.7152769306716305,18.368394138182634,Engineering,Artist,3
531,3.3588482440931107,20.732535759760523,Chemistry,Entrepreneur,4
532,1.8844645414763945,24.418676879549515,Mathematics,Research Scientist,8
533,2.525606603586911,20.653110224401555,Business,Artist,8
534,2.9694465925064204,18.002536437757286,Mathematics,Entrepreneur,1
535,2.8307186443703314,15.850855042560113,Engineering,Software Engineer,5
536,2.443286274358729,19.65276742490213,Arts,Research Scientist,2
537,3.310222248736957,21.865819546091494,Arts,Data Scientist,3
538,3.1796134115764874,30.60887284021381,Engineering,Entrepreneur,2
539,3.499071586992389,19.703522969914268,Physics,Artist,2
540,3.8305359713980134,18.945925632089164,Computer Science,Software Engineer,8
541,3.9029939985778443,15.085931423101247,Arts,Business Analyst,8
542,3.045130683761569,18.011236783170954,Computer Science,Data Scientist,3
543,2.754363274830298,21.58538941366801,Biology,Medical Professional,2
544,3.6748164520387006,17.986214445424583,Biology,Data Scientist,7
545,3.669071226562345,22.982407649144328,Psychology,Data Scientist,5
546,2.580831225587029,20.894083970581985,Engineering,Business Analyst,5
547,2.343010486565925,16.39823244857425,Computer Science,Artist,2
548,2.5902973866105783,30.21515436531676,Business,Business Analyst,3
549,2.921128267400793,12.980237871465278,Business,Software Engineer,5
550,3.258666332247166,17.48238216594915,Mathematics,Data Scientist,7
551,2.7877059396807446,20.744719999501463,Biology,Medical Professional,4
552,2.5635691005669123,11.57181405656306,Engineering,Software Engineer,1
553,3.0468573658124902,16.562772755544643,Mathematics,Artist,1
554,2.561395042164625,15.787550328167729,Psychology,Medical Professional,3
555,2.8396301020610255,22.25909036109304,Chemistry,Medical Professional,8
556,1.909598207702838,16.66089962920748,Physics,Entrepreneur,1
557,2.6990506700237393,19.333802166349198,Biology,Teacher,2
558,3.204071959902472,20.194941476470852,Psychology,Software Engineer,1
559,2.8979194118233935,19.03794131388242,Engineering,Data Scientist,8
560,2.9625397159842684,14.826099360484392,Arts,Business Analyst,4
561,3.7872158269032816,20.50110988253161,Business,Research Scientist,3
562,2.7296101557537424,12.583675720412785,Engineering,Research Scientist,5
563,3.1536610674015897,25.88004980230147,Psychology,Research Scientist,6
564,3.3302709835238575,10.373547659678389,Psychology,Medical Professional,1
565,3.5862629575772385,18.86022400663566,Computer Science,Data Scientist,8
566,3.428636975612028,16.394993315050186,Biology,Research Scientist,1
567,3.337143521132777,14.316179450059503,Biology,Entrepreneur,8
568,3.789789166029047,23.263142221144484,Business,Data Scientist,1
569,3.725890162486312,16.420775563273985,Psychology,Software Engineer,2
570,1.9304817077662373,17.740424217165224,Psychology,Artist,3
571,3.0060947745430813,27.74280156551579,Arts,Medical Professional,5
572,2.604261004965274,19.61189655705854,Chemistry,Medical Professional,4
573,2.241150355951378,23.491326404926546,Psychology,Teacher,6
574,2.617724497371704,13.56903230355151,Psychology,Business Analyst,8
575,2.3593156657497323,10.316700780831692,Psychology,Research Scientist,3
576,3.2996436630169734,28.601057102049232,Engineering,Teacher,3
577,3.0698473989437827,20.185952971827195,Physics,Business Analyst,8
578,3.1390395400283357,15.402087802233128,Business,Data Scientist,7
579,3.1563293140147524,27.44613266557747,Mathematics,Entrepreneur,8
580,2.5564634375604363,11.809473904631458,Engineering,Medical Professional,5
581,3.1129360243120585,20.94896948251924,Physics,Research Scientist,4
582,3.6013294671410376,10.894874098321255,Arts,Medical Professional,8
583,2.2805222937385627,18.571451560696993,Physics,Research Scientist,4
584,3.1015385299230913,15.495459799623706,Engineering,Entrepreneur,7
585,2.6028016930212776,18.605914697553583,Arts,Business Analyst,8
586,2.533437146506029,14.908279226935285,Computer Science,Data Scientist,6
587,3.5369499014560954,18.458059701329848,Chemistry,Artist,8
588,2.3178589092001225,18.73614181857436,Mathematics,Artist,3
589,2.2159984500596686,25.651855366044273,Computer Science,Data Scientist,5
590,1.6819464026875413,19.925671200471935,Psychology,Medical Professional,8
591,3.5079764630519117,23.085267332950853,Physics,Entrepreneur,8
592,2.7429445501117895,16.679501489951075,Psychology,Medical Professional,2
593,3.0241189377154116,14.42834895702186,Biology,Research Scientist,3
594,2.664029397735843,19.004400651600225,Arts,Artist,1
595,2.62843388536092,16.265532144370226,Arts,Business Analyst,8
596,3.3742082976625873,15.413660172311278,Business,Research Scientist,3
597,2.5099054307080126,29.013536480269046,Arts,Research Scientist,3
598,3.1656442493979955,28.59874517084118,Computer Science,Entrepreneur,4
599,3.1557937111700594,8.357253717335213,Physics,Research Scientist,1
600,2.5998398190743566,17.047103568661253,Psychology,Research Scientist,1
601,3.221751483835917,20.957499626652268,Engineering,Entrepreneur,2
602,2.509129028270246,20.07676405966302,Biology,Business Analyst,4
603,3.053352499977025,17.212308075746886,Biology,Artist,2
604,2.937208513339837,15.803148369550739,Mathematics,Medical Professional,1
605,2.908813350042799,16.799115037276902,Mathematics,Entrepreneur,1
606,2.4421675840684878,20.113246663529978,Engineering,Artist,8
607,2.574985235455428,22.74350495771357,Mathematics,Teacher,4
608,2.9431801775730007,22.703409279381724,Psychology,Artist,8
609,2.557479483736249,7.308965599757769,Engineering,Entrepreneur,1
610,2.9602463905090146,26.348062873953875,Mathematics,Research Scientist,7
611,2.0099732043030576,24.90572682168455,Business,Business Analyst,8
612,2.3334492439822303,13.379188681203196,Chemistry,Software Engineer,4
613,2.587217904002551,17.933594316293863,Computer Science,Artist,6
614,2.7600675744088203,13.251364146611913,Chemistry,Medical Professional,2
615,3.3018896899014347,21.805856199831222,Business,Teacher,3
616,3.9628338868689266,24.177638562473142,Business,Research Scientist,4
617,2.8612004700088574,18.032221220447575,Arts,Software Engineer,8
618,2.6874437456998663,22.170855306173625,Chemistry,Business Analyst,4
619,2.4293122925966824,22.2871514233785,Biology,Teacher,3
620,3.6942548790317047,17.872920712928615,Arts,Entrepreneur,7
621,3.26575784377979,18.23253018663349,Mathematics,Software Engineer,1
622,3.486357830162431,16.421465706913803,Mathematics,Research Scientist,8
623,2.9675247896775097,20.127131940581567,Engineering,Software Engineer,3
624,2.7315556107483467,14.226832221849161,Mathematics,Medical Professional,1
625,3.112743432500964,23.930419080044054,Engineering,Artist,4
626,2.950124182864616,18.12066652823851,Chemistry,Entrepreneur,1
627,2.982268775399538,14.223192190423184,Engineering,Teacher,5
628,3.180354666718482,14.539370611379564,Business,Software Engineer,7
629,2.7589733740378106,20.069711729632875,Engineering,Research Scientist,4
630,2.27642989240549,20.349932783856097,Chemistry,Teacher,5
631,2.3718790917675063,23.435192625488263,Mathematics,Medical Professional,8
632,2.8686747186674943,15.307341790588456,Computer Science,Entrepreneur,6
633,2.8582704725660473,21.373207553206516,Chemistry,Artist,3
634,1.753664461251637,17.06428506821462,Physics,Research Scientist,6
635,2.6524046816305438,12.820934879039822,Psychology,Artist,4
636,3.289395875506712,21.74970034562774,Physics,Medical Professional,3
637,3.7897137056442336,11.70418633611616,Business,Software Engineer,6
638,2.6385217930676452,12.52631888276954,Psychology,Business Analyst,3
639,3.389669937246424,25.10312240635038,Mathematics,Teacher,2
640,2.716885536704088,22.80631944791864,Engineering,Business Analyst,6
641,3.700666528881432,23.82230154468163,Arts,Business Analyst,8
642,2.942950150567356,13.603488216641548,Arts,Data Scientist,5
643,3.12383196581961,19.725070729715778,Psychology,Artist,6
644,2.791093104175063,19.0348791434073,Psychology,Software Engineer,1
645,2.95235430279733,20.57560416503101,Mathematics,Artist,5
646,2.688997284696895,19.709597185511885,Arts,Medical Professional,8
647,3.9174549683221023,20.600293398451157,Engineering,Software Engineer,3
648,2.9279841453709325,14.613517436934057,Engineering,Research Scientist,3
649,2.7828484688767365,22.494067327804267,Chemistry,Data Scientist,6
650,3.825107160443065,20.95708441431121,Biology,Entrepreneur,3
651,2.707324381435832,22.240339874728992,Computer Science,Research Scientist,4
652,2.765243981332305,23.733147024643092,Psychology,Entrepreneur,5
653,4.196061440233114,14.825889112688975,Mathematics,Business Analyst,2
654,3.5020811825525593,26.010129589226114,Biology,Software Engineer,8
655,2.8521965626389023,18.867588545624105,Physics,Teacher,5
656,2.657285902667725,22.595652201784954,Physics,Data Scientist,3
657,3.3449667341351184,16.752988458769863,Physics,Business Analyst,7
658,3.5890429322657513,11.179647719791003,Biology,Entrepreneur,5
659,3.9225086721936777,18.264372298114896,Engineering,Data Scientist,7
660,4.002987017457734,19.064817834378974,Biology,Research Scientist,7
661,2.340147788292573,18.209035474832522,Chemistry,Business Analyst,6
662,3.699716662784722,17.787471685814804,Biology,Teacher,2
663,2.1475666413567196,24.48685595211368,Psychology,Research Scientist,3
664,2.8264818388337036,25.91022996645487,Psychology,Data Scientist,3
665,1.7716078849670867,12.451597419590783,Chemistry,Medical Professional,8
666,3.1455760636981873,23.319817129944372,Chemistry,Artist,7
667,3.4720343148053523,20.394169613354126,Mathematics,Medical Professional,6
668,2.758687912854419,19.722914752358307,Mathematics,Software Engineer,6
669,2.9665954937575383,27.001611213301597,Physics,Data Scientist,8
670,1.8541044549956236,14.249892987205556,Physics,Entrepreneur,5
671,2.991808500000612,19.5555097092171,Arts,Business Analyst,5
672,2.66314162241469,20.05156217650147,Arts,Research Scientist,8
673,3.0640608649972507,21.55830357564646,Computer Science,Business Analyst,8
674,3.0654671401092606,18.103850246689703,Chemistry,Software Engineer,5
675,2.673565845171401,21.618280616458758,Engineering,Data Scientist,1
676,3.2031901294641867,16.157622446109833,Physics,Business Analyst,3
677,3.0302602398641705,15.342458516920097,Biology,Artist,5
678,2.9056337930308365,15.83714132091538,Business,Business Analyst,1
679,3.0027448796514626,19.34190475633963,Psychology,Business Analyst,2
680,2.6950442456287926,24.1334243614223,Computer Science,Business Analyst,5
681,3.098766352359138,10.52023649311629,Business,Research Scientist,7
682,3.2184839174485864,18.18828599697076,Business,Medical Professional,5
683,2.805198673429996,20.432852800031526,Engineering,Research Scientist,5
684,1.909256785927648,18.254839988956647,Biology,Artist,7
685,2.846959483510034,18.02437886276351,Arts,Business Analyst,7
686,3.430394128425225,22.358731331910988,Biology,Research Scientist,2
687,3.241459492063937,16.214168500314305,Physics,Software Engineer,3
688,3.231829695027055,17.76597304269384,Computer Science,Business Analyst,1
689,3.769758361489355,21.59203417153143,Biology,Business Analyst,7
690,2.5384634319290513,24.009275401090274,Business,Medical Professional,3
691,2.6538871021383743,22.13047269912176,Engineering,Business Analyst,5
692,2.925815520887246,18.151944136281696,Physics,Research Scientist,5
693,2.6896171588215503,17.925287109820708,Arts,Software Engineer,4
694,2.6602847736386157,9.829786797423852,Chemistry,Medical Professional,1
695,2.7890131284369746,16.545514121292427,Arts,Software Engineer,4
696,3.6750583692219507,19.509598856554618,Mathematics,Teacher,8
697,2.5711196958913316,14.050314336028267,Mathematics,Artist,4
698,2.8693326379748187,17.09084978773167,Arts,Entrepreneur,3
699,3.038406261201211,20.232903668402965,Physics,Entrepreneur,5
700,2.4273886706389507,12.990542584808102,Mathematics,Business Analyst,7
701,2.7384756483344055,23.95376700239033,Chemistry,Entrepreneur,8
702,3.53612422043512,28.852947176069428,Business,Medical Professional,7
703,2.996956059968722,8.906024842509265,Biology,Research Scientist,7
704,3.1314089365681608,19.679442082571065,Psychology,Entrepreneur,3
705,3.232251071393734,11.757035389551357,Physics,Research Scientist,6
706,3.358048094016308,21.483357142886632,Engineering,Business Analyst,7
707,3.125943219122123,18.95032991723303,Business,Teacher,7
708,2.3936667791435102,21.17988291303564,Biology,Teacher,4
709,3.336333623106633,26.805555309009222,Biology,Research Scientist,6
710,3.224075051644376,20.743210147580214,Physics,Business Analyst,4
711,3.572515528349073,20.735949022360945,Mathematics,Artist,6
712,1.9964256346684457,27.498712533138672,Physics,Artist,8
713,3.6336282775270314,23.393841395941003,Mathematics,Business Analyst,4
714,3.407730596512141,12.372324376663999,Arts,Teacher,3
715,3.1598024247773333,20.80874296620524,Computer Science,Entrepreneur,2
716,2.7922415057227674,21.857184101467805,Arts,Data Scientist,4
717,3.0270845889132,21.42120285900855,Psychology,Artist,8
718,2.802265687569436,34.78315091384386,Business,Research Scientist,4
719,2.815762533333813,16.23346611439314,Mathematics,Artist,5
720,3.4582262837547257,23.04258118764231,Physics,Teacher,6
721,2.9640161462889134,20.708824447862774,Biology,Entrepreneur,2
722,3.114756220587562,21.403684753471936,Mathematics,Data Scientist,3
723,2.308392937228376,21.54688440723874,Psychology,Artist,7
724,2.796190462257473,20.46685702538635,Mathematics,Data Scientist,3
725,3.4204008816786713,21.80007473137055,Mathematics,Entrepreneur,8
726,2.6189932735057417,16.516446092112734,Biology,Research Scientist,1
727,2.90921534207902,17.573613700555345,Arts,Data Scientist,4
728,3.1156158780063574,17.34125347296331,Business,Business Analyst,2
729,2.992661616325725,16.501951475172497,Physics,Software Engineer,2
730,3.2750246865813777,22.58589131112827,Arts,Data Scientist,6
731,3.823955482067457,17.677091024143284,Computer Science,Business Analyst,1
732,3.510811810842938,15.11042106472653,Physics,Data Scientist,2
733,3.7592411025316013,15.45469422884463,Psychology,Artist,7
734,2.8646770204278527,18.694142430943984,Chemistry,Medical Professional,1
735,2.5383711987243425,25.339235086148705,Mathematics,Software Engineer,1
736,2.6150323111708142,10.708349032432004,Arts,Artist,7
737,3.2617950697095934,23.744533613229247,Engineering,Data Scientist,8
738,2.722133958967631,31.177272552431166,Arts,Entrepreneur,8
739,2.989854712838828,22.099319964380708,Engineering,Entrepreneur,5
740,2.7907871465447918,16.36621445901778,Psychology,Business Analyst,1
741,3.1416320953856984,22.865382644267243,Arts,Business Analyst,5
742,3.6030422934211828,21.396097189575716,Mathematics,Software Engineer,8
743,3.307677771902473,19.765854707465024,Mathematics,Entrepreneur,8
744,2.791980526105227,21.640148578064405,Computer Science,Entrepreneur,4
745,2.6201765767908825,14.938001197021912,Mathematics,Research Scientist,5
746,3.0955060794615097,22.570784659550426,Arts,Medical Professional,3
747,2.765110936546587,28.3926941392212,Arts,Research Scientist,5
748,3.115700770603985,20.277447543033887,Computer Science,Artist,6
749,4.415759116943691,14.529147872951834,Computer Science,Medical Professional,6
750,2.7127303299024925,11.383415458511067,Arts,Data Scientist,7
751,2.925127273987846,22.799319481525274,Engineering,Research Scientist,8
752,4.083259108555306,11.095531231418319,Computer Science,Business Analyst,5
753,2.785530236269518,24.807462160516717,Physics,Data Scientist,5
754,3.717279694864617,24.143974608452485,Chemistry,Entrepreneur,7
755,3.7807355807467977,23.291116186322178,Psychology,Entrepreneur,2
756,3.2353607124011017,25.12367832351921,Physics,Medical Professional,2
757,3.0849606005010037,16.784140569224625,Mathematics,Research Scientist,6
758,3.432931929690938,13.687664720202745,Biology,Software Engineer,3
759,3.3369808845505475,19.740916374428746,Psychology,Business Analyst,1
760,4.003927893705849,21.178811328614387,Biology,Artist,8
761,3.5182653400200703,13.969300902830469,Business,Artist,7
762,3.271055859573974,17.881112120072274,Arts,Artist,7
763,2.113247697351614,5.736835089843051,Psychology,Artist,8
764,2.972315593541482,16.563868385494555,Mathematics,Research Scientist,3
765,2.4963066929411077,14.836896115545137,Psychology,Entrepreneur,8
766,2.8398828070273616,25.63045363951105,Arts,Teacher,4
767,2.1449109332271687,30.693987744220955,Computer Science,Data Scientist,8
768,3.4667677783498925,14.674642968735476,Computer Science,Entrepreneur,7
769,3.4455996625402032,23.07928735567727,Computer Science,Teacher,4
770,3.499858842458024,28.613956144164565,Psychology,Medical Professional,8
771,2.3993799428637663,18.740262964780108,Computer Science,Artist,1
772,2.386145277640552,15.067429249000078,Biology,Data Scientist,2
773,3.108193735956448,28.860762403733517,Biology,Software Engineer,1
774,3.1650363710886125,12.912091175035684,Biology,Research Scientist,2
775,2.1213843308992617,20.895604469250852,Physics,Data Scientist,3
776,3.300833426354655,25.154773962311165,Physics,Software Engineer,1
777,2.7836372785798655,25.51677988597184,Arts,Research Scientist,7
778,2.7756871842999056,22.273046192366557,Arts,Artist,8
779,2.842966536921245,18.814126395727012,Biology,Software Engineer,7
780,3.165160116362538,27.85696055257072,Business,Data Scientist,2
781,2.2611981696461925,19.96126827471007,Chemistry,Research Scientist,7
782,3.061954239703865,25.26078753718477,Biology,Entrepreneur,2
783,2.93186293870634,14.736478582527706,Chemistry,Artist,8
784,3.3362536997512637,16.625520150280874,Arts,Teacher,8
785,2.6388703443550012,15.252746332632075,Biology,Business Analyst,7
786,2.5614773043648698,18.913643871841963,Arts,Medical Professional,3
787,2.8422758576123415,12.289590511858378,Mathematics,Teacher,7
788,3.0976640816562115,20.487978451942556,Physics,Research Scientist,4
789,3.6253782969551973,25.34046567176418,Business,Medical Professional,3
790,3.037361839993404,16.920899455813917,Psychology,Entrepreneur,5
791,3.0161911317675743,21.670259030679095,Engineering,Teacher,7
792,2.356063640079305,20.82636096679135,Engineering,Entrepreneur,1
793,2.5009469971018716,23.159237227303105,Engineering,Software Engineer,5
794,1.7738325391760124,13.72621388403848,Computer Science,Artist,1
795,3.1982552346877378,24.32450403896645,Psychology,Business Analyst,2
796,2.902843939548175,16.662497834845635,Physics,Teacher,2
797,2.699748084736327,25.576232583789857,Engineering,Teacher,2
798,3.1195749714168466,25.112021839409657,Mathematics,Entrepreneur,2
799,3.209629252983698,26.374061900252805,Physics,Teacher,4
800,2.3414436598113983,12.879289985431008,Biology,Research Scientist,2
801,2.634872600470335,27.330756773692123,Physics,Data Scientist,3
802,2.487378247179927,14.501415360279779,Chemistry,Business Analyst,1
803,2.51824294860501,27.82687349322082,Engineering,Business Analyst,4
804,3.0975993350930153,16.32610454256118,Arts,Data Scientist,4
805,4.16345628350471,22.669950698698266,Arts,Research Scientist,6
806,3.318685070621818,18.733072059899563,Chemistry,Medical Professional,1
807,2.46142749428759,16.861248301446743,Physics,Research Scientist,2
808,2.7090411671572063,19.042473071985807,Computer Science,Teacher,4
809,2.926852539330868,27.016157381974438,Engineering,Business Analyst,4
810,2.825170660834416,13.680161710552177,Business,Entrepreneur,3
811,2.795209036002182,19.825812421308825,Computer Science,Teacher,7
812,3.775883476389186,14.339587067479236,Physics,Entrepreneur,6
813,3.7519846051980297,15.22023775274635,Engineering,Software Engineer,5
814,2.300324903283384,18.485711409551918,Mathematics,Artist,7
815,3.5145226192299477,18.139716776799474,Business,Business Analyst,2
816,2.9798518044758224,21.07069074894153,Psychology,Business Analyst,2
817,2.4645509773027476,12.792595286714139,Biology,Artist,7
818,2.9004922027195104,29.721955882250548,Business,Research Scientist,8
819,3.185642873700971,23.676412101319045,Mathematics,Entrepreneur,2
820,2.4705809980123252,16.136472711238603,Mathematics,Artist,3
821,2.726290975152501,27.21079957370089,Biology,Research Scientist,8
822,3.2148601145523568,20.088063039826814,Chemistry,Medical Professional,7
823,2.542019875009853,13.592484131099589,Psychology,Teacher,2
824,2.814481522524119,25.073748093283648,Mathematics,Software Engineer,2
825,2.705455820054869,27.350986624762292,Business,Business Analyst,4
826,2.09691438678082,19.12298489363651,Chemistry,Business Analyst,1
827,3.3403548040962443,22.27760556671245,Mathematics,Entrepreneur,7
828,2.7785873995949033,27.468255512932913,Psychology,Medical Professional,7
829,2.9877689522027215,17.741010949399545,Chemistry,Research Scientist,3
830,3.3610375725574158,25.90675001530432,Arts,Medical Professional,5
831,2.5639525778897605,25.031126401708768,Computer Science,Teacher,2
832,1.9759708944085304,14.977295005378387,Computer Science,Research Scientist,6
833,2.70519954681408,32.64813143800036,Engineering,Medical Professional,7
834,3.5552285781199413,22.99302185997777,Physics,Research Scientist,6
835,3.325707738353327,16.34069385599155,Computer Science,Entrepreneur,6
836,2.8305333369838843,14.676317561912672,Mathematics,Medical Professional,4
837,3.4337567452655198,20.613208701081337,Engineering,Medical Professional,1
838,3.2802192346881927,26.238698923622284,Psychology,Artist,6
839,2.9004893547260724,14.18908861120798,Arts,Medical Professional,4
840,2.5876401210103204,18.172107537417176,Physics,Business Analyst,8
841,2.4469601575521187,16.802656214234723,Chemistry,Medical Professional,6
842,4.012778287426495,18.93161462819385,Engineering,Research Scientist,1
843,2.0692421285387517,16.2696705223814,Physics,Business Analyst,3
844,2.802583439557322,14.43859801164999,Physics,Software Engineer,3
845,3.1637005709198087,21.825716521331675,Computer Science,Software Engineer,3
846,3.1055603158813634,14.400394443306567,Arts,Software Engineer,2
847,2.9874947735786175,22.86747583869706,Arts,Software Engineer,3
848,2.7378038472589745,18.409625079822185,Computer Science,Software Engineer,8
849,2.6804568871052576,25.4006057564059,Physics,Software Engineer,6
850,3.6529190785406254,20.820749157815907,Arts,Teacher,6
851,2.5179937306503097,23.696814674653428,Computer Science,Software Engineer,5
852,1.567109787436571,21.426621814264053,Psychology,Business Analyst,1
853,2.8976205520903813,18.386128842790917,Physics,Entrepreneur,1
854,3.2009514885077257,16.277904276009195,Engineering,Teacher,2
855,3.330156149265507,14.718055380557402,Engineering,Artist,4
856,3.3941976050092864,18.659751976106616,Arts,Artist,2
857,2.9514578452080666,23.86714073155668,Computer Science,Research Scientist,7
858,3.5386438175258443,19.000942966696666,Engineering,Medical Professional,1
859,2.3821685793686878,28.689492456359083,Computer Science,Teacher,3
860,4.011329832725396,17.441533323057584,Biology,Teacher,6
861,2.895884096111065,16.93122111477347,Mathematics,Medical Professional,7
862,2.635574357722817,12.362678700385395,Chemistry,Entrepreneur,8
863,3.3116092119802043,24.378758834793814,Chemistry,Data Scientist,1
864,3.0882016539540627,17.274226968361074,Mathematics,Medical Professional,6
865,3.0700493597208247,20.112567355278642,Computer Science,Entrepreneur,2
866,3.01658290286329,22.125743494296245,Biology,Business Analyst,3
867,3.6565793946044316,23.817220256099084,Chemistry,Data Scientist,5
868,3.5045432019430685,11.572764388455251,Engineering,Medical Professional,5
869,3.5053990616747157,18.147963364700978,Physics,Entrepreneur,7
870,2.9742925283364814,19.647601861220885,Mathematics,Business Analyst,7
871,2.587537808145522,24.57321530643943,Arts,Data Scientist,5
872,2.658272412226474,17.733383656290727,Engineering,Entrepreneur,4
873,2.454802417516416,19.592418185454388,Computer Science,Business Analyst,2
874,3.235427909584339,21.9792854822361,Mathematics,Software Engineer,7
875,3.347053563613113,14.86386832846391,Business,Research Scientist,5
876,2.3783609167615873,17.135656839368856,Engineering,Research Scientist,8
877,2.803397205718787,14.894832783837638,Mathematics,Artist,8
878,3.86596977855399,16.52638606684178,Computer Science,Entrepreneur,7
879,3.9814700918462904,23.047294132011356,Biology,Artist,3
880,3.1325680026051446,30.051812855829766,Computer Science,Research Scientist,7
881,2.24948340929207,23.47990889309315,Computer Science,Business Analyst,3
882,3.226452765553067,15.845847638723832,Mathematics,Data Scientist,6
883,2.6173187223405003,14.360483046198684,Chemistry,Data Scientist,3
884,2.860586490453072,23.572856345160535,Arts,Data Scientist,6
885,3.2432392015210585,26.43543838855708,Psychology,Entrepreneur,4
886,2.7078655647223555,17.652001113241717,Physics,Software Engineer,8
887,2.714331198632584,27.80891006761048,Biology,Research Scientist,3
888,2.753484853795934,33.08425130508763,Biology,Data Scientist,2
889,2.6522258263526517,25.240553743088164,Arts,Teacher,6
890,3.277705784179661,16.970955774019863,Arts,Research Scientist,3
891,3.0954587799676028,19.36512232012649,Physics,Business Analyst,7
892,2.221132726393142,18.97638464726304,Engineering,Business Analyst,4
893,2.677665923453297,23.412837522112795,Physics,Artist,7
894,3.3031703703944197,20.436826734078316,Business,Data Scientist,4
895,2.5979331196159685,25.391243316662667,Arts,Teacher,7
896,3.164901298711957,21.647963499216736,Engineering,Entrepreneur,3
897,3.6926349828727236,9.273347254829256,Psychology,Business Analyst,7
898,3.026152594325322,20.078039625540264,Psychology,Software Engineer,2
899,2.723735479123932,27.717863197230358,Physics,Medical Professional,4
900,2.0008526546949836,28.77568470365096,Biology,Medical Professional,1
901,1.76983783496378,15.955255034246836,Engineering,Data Scientist,7
902,2.606784318900074,23.020215501218743,Mathematics,Software Engineer,6
903,2.327428167066275,22.88893094271597,Computer Science,Artist,8
904,2.55018717543128,21.526255669899964,Mathematics,Artist,6
905,2.299712520142223,15.424292059251217,Engineering,Research Scientist,7
906,2.2962595533382077,26.806373789684628,Arts,Entrepreneur,1
907,3.4555025541068014,21.35064770593136,Engineering,Artist,2
908,2.7521521282323094,16.43529632986645,Psychology,Data Scientist,3
909,3.530001719628136,12.03570794227943,Physics,Entrepreneur,2
910,2.7637875605517643,20.949477221658388,Psychology,Artist,1
911,3.583473254924993,10.021582170363793,Biology,Entrepreneur,3
912,2.3574707682517855,25.408138507190145,Mathematics,Artist,7
913,3.477130413794702,18.78263330011306,Computer Science,Research Scientist,8
914,3.2463763167323116,23.19156042571991,Psychology,Artist,5
915,2.4073542598033426,8.903497791820376,Physics,Data Scientist,7
916,2.894427961733853,15.990284337710554,Business,Artist,7
917,2.0416402565714744,22.994455291450226,Engineering,Medical Professional,2
918,2.347438860909617,21.157705492974543,Psychology,Research Scientist,4
919,3.1822027051296145,23.883362538642107,Biology,Artist,7
920,2.1405496284441057,20.511521139552002,Computer Science,Medical Professional,5
921,3.5653976080635226,23.2712930317479,Engineering,Business Analyst,1
922,4.034413283189018,16.084617383069634,Biology,Medical Professional,3
923,2.4832740399425615,21.583806899620082,Chemistry,Teacher,8
924,3.341948488627129,13.911753485785917,Physics,Medical Professional,3
925,2.738829436602887,19.410440630850434,Biology,Medical Professional,1
926,2.8987973057041256,21.003294431406623,Computer Science,Data Scientist,7
927,3.318050715266773,21.47401714246259,Engineering,Software Engineer,4
928,2.858303259895211,24.13500375176581,Business,Medical Professional,6
929,2.166161496538316,9.54952250443992,Psychology,Business Analyst,2
930,2.6647528571958814,24.189092415508682,Computer Science,Business Analyst,6
931,3.4384849102484476,18.78429691435543,Biology,Business Analyst,7
932,3.0555216411186437,24.261588253662357,Computer Science,Entrepreneur,8
933,3.174826078892739,22.08357458921859,Business,Research Scientist,4
934,1.28139716338423,31.37456571399502,Computer Science,Entrepreneur,1
935,2.79862056104045,14.873794605872863,Biology,Data Scientist,8
936,3.30936607909681,30.35208751265661,Engineering,Software Engineer,3
937,2.570602411691263,16.454373167368487,Psychology,Teacher,1
938,3.5944405687714553,26.589802111275734,Biology,Teacher,7
939,3.4745774781617946,13.862407482572076,Business,Artist,8
940,3.1776097538226757,22.326609692958034,Chemistry,Teacher,2
941,3.9901830549136337,24.562982453171674,Arts,Teacher,2
942,2.906506660266112,21.252996405758104,Business,Research Scientist,4
943,3.4703216802408496,23.478912000185378,Psychology,Artist,3
944,2.5838036915396456,21.867631277515336,Business,Business Analyst,5
945,2.283328080826806,26.637331185491597,Chemistry,Medical Professional,8
946,2.7182685480126594,11.112401024759635,Arts,Artist,1
947,3.2185857908751,17.229550738736002,Engineering,Teacher,2
948,3.7549234348802294,25.126099827463925,Engineering,Medical Professional,7
949,2.8925503793796605,24.125471931620005,Physics,Teacher,7
950,2.8724317700335904,17.949726077358225,Biology,Artist,2
951,2.6667496856647173,27.155518134886933,Computer Science,Software Engineer,6
952,3.2473321287587913,25.06399466379238,Mathematics,Teacher,4
953,2.500022577588648,23.311138630338768,Biology,Teacher,4
954,3.3500683019881623,21.90211491858803,Mathematics,Entrepreneur,3
955,2.9305965109303136,14.411956200985967,Chemistry,Medical Professional,4
956,3.3471151364772043,21.580386973760636,Psychology,Medical Professional,8
957,2.8856718850069365,32.43485009892467,Chemistry,Research Scientist,4
958,3.294876276938356,20.999802540793635,Physics,Artist,4
959,3.054933756578865,31.609040756482585,Computer Science,Software Engineer,4
960,3.7305673084756514,12.572033674105171,Computer Science,Artist,7
961,3.252305056816723,33.589832835664524,Business,Data Scientist,1
962,3.275371265681258,16.14212992140741,Physics,Teacher,5
963,2.6590236174431627,23.845657438860183,Business,Medical Professional,3
964,3.2958953015201122,16.851446109700476,Physics,Data Scientist,5
965,2.987089162347875,22.771030921136813,Mathematics,Artist,4
966,3.603086055729925,18.546370764686095,Arts,Artist,5
967,3.4274685169479935,18.160204444126634,Engineering,Artist,7
968,2.4366893982459037,22.181956705850855,Psychology,Medical Professional,8
969,3.4950908674907653,20.7554140615445,Chemistry,Business Analyst,7
970,2.927725110587696,20.941487035154275,Psychology,Artist,6
971,2.597291202109478,22.272435855158193,Computer Science,Artist,3
972,3.240492159550663,21.460629140243444,Engineering,Artist,4
973,2.3835547004616626,21.991414474199196,Mathematics,Business Analyst,6
974,2.4400065319701003,21.649845618079926,Biology,Software Engineer,1
975,3.3978693968211657,19.879206984277026,Arts,Software Engineer,3
976,2.7735990517650335,12.29325642449021,Biology,Entrepreneur,5
977,2.214436008134363,24.497272923978286,Engineering,Teacher,5
978,3.6502707623641877,8.326678890146137,Business,Medical Professional,3
979,3.3076583130552377,21.333973208329084,Physics,Business Analyst,5
980,2.9704973101612935,20.632682964564378,Chemistry,Data Scientist,6
981,3.0802573005885447,25.825153981946407,Engineering,Artist,1
982,2.8986105704819716,22.50491493007314,Physics,Research Scientist,5
983,3.5398729923135415,16.554554948523805,Chemistry,Software Engineer,5
984,4.002966456853062,11.030240867821096,Mathematics,Medical Professional,2
985,2.2617789328019366,21.2080395008789,Arts,Research Scientist,4
986,3.3379889691377067,22.789958924299576,Business,Artist,4
987,1.8045938645682735,18.84999645997307,Psychology,Entrepreneur,5
988,2.6219250494558413,22.71130438742516,Arts,Entrepreneur,4
989,2.365314732616537,20.52457400899518,Physics,Entrepreneur,1
990,2.28100053043533,10.806067744450818,Arts,Entrepreneur,2
991,3.6367499980593885,16.56085776798762,Physics,Business Analyst,4
992,2.657671433093526,24.59548169801061,Computer Science,Business Analyst,7
993,1.97040486654104,21.699247479963812,Engineering,Research Scientist,5
994,2.825399629270667,11.894875961212048,Mathematics,Business Analyst,8
995,3.5588881989387247,17.606279907907656,Chemistry,Teacher,4
996,2.601505228082974,22.241521905468268,Engineering,Software Engineer,6
997,2.088415388147321,21.621735771206552,Psychology,Business Analyst,8
998,3.329223430369978,21.6059959264057,Physics,Entrepreneur,7
999,3.7624944270706253,33.05749597325528,Mathematics,Data Scientist,3
1000,3.842944345633072,18.361054728484486,Engineering,Entrepreneur,6
